08-02 15:14:27,82.549,16.210,0.748,0,0.499,2762832,2690864,16796,555096
08-02 15:14:28,79.401,18.285,1.753,0,0.250,2763172,2689604,16796,555988
08-02 15:14:29,82.051,15.510,1.251,0,0,2763540,2688380,16796,556820
08-02 15:14:30,79.744,18.249,1.250,0,0,2764692,2686168,16796,557848
08-02 15:14:31,84.512,13.752,0.750,0,0.750,2768024,2682136,16796,558540
08-02 15:14:32,85.488,14.498,0.500,0,0.250,2768052,2681384,16796,559248
08-02 15:14:33,82.743,15.249,1.000,0,0,2806940,2641568,16796,560152
08-02 15:14:34,81.513,17.253,1.000,0,0.500,2832952,2614868,16796,560824
08-02 15:14:35,77.893,20.721,0.999,0,0.250,2896412,2550360,16796,561844
08-02 15:14:36,82.362,15.271,1.001,0,0.501,2899988,2545824,16796,562792
08-02 15:14:37,82.191,15.988,0.999,0,0,2901508,2543304,16796,563768
08-02 15:14:38,86.252,14.250,0.500,0,0,2904188,2539776,16796,564588
08-02 15:14:39,80.062,17.513,1.001,0,0,2904604,2538520,16796,565412
08-02 15:14:40,80.000,17.250,2.250,0,0,2904500,2537264,16796,566728
08-02 15:14:41,76.244,19.248,2.500,0,0.500,2904612,2536256,16796,567608
08-02 15:14:42,81.491,16.498,1.500,0,0,2908340,2531468,16804,568628
08-02 15:14:43,78.751,19.250,1.500,0,0,2907848,2530712,16804,569852
08-02 15:14:44,79.569,17.959,1.497,0,0,2908008,2529704,16804,570672
08-02 15:14:45,82.692,16.037,0.501,0,0,2907168,2529452,16804,571740
08-02 15:14:46,83.707,13.243,1.249,0,0.500,2910076,2525700,16804,572564
08-02 15:14:47,82.480,14.746,0.250,0,0.250,2910840,2524224,16804,573260
08-02 15:14:48,79.720,15.494,0.750,0,0,2910976,2523468,16804,573860
08-02 15:14:49,77.775,18.256,1.250,0,0.250,2921440,2512128,16804,574716
08-02 15:14:50,76.014,19.504,0.750,0,0.750,2963172,2469444,16804,575640
08-02 15:14:51,74.803,20.765,2.001,0,1.751,3010328,2421448,16804,576464
08-02 15:14:52,77.385,18.722,2.247,0,0.749,3010144,2420692,16804,577380
08-02 15:14:53,79.325,19.018,1.501,0,0.250,3025236,2404840,16804,578116
08-02 15:14:54,80.509,17.502,1.500,0,0,3039212,2389720,16804,579236
08-02 15:14:55,82.658,14.734,1.498,0,0.250,3041028,2387200,16804,579924
08-02 15:14:56,77.114,19.028,2.754,0,1.001,3041640,2385476,16804,581004
08-02 15:14:57,77.455,18.739,1.999,0,0,3042020,2383964,16804,582108
08-02 15:14:58,75.390,19.971,3.245,0,0.250,3031440,2393244,16804,583364
08-02 15:14:59,79.417,18.789,1.503,0,0,3031324,2392408,16804,584288
08-02 15:15:00,80.758,17.252,1.250,0,0.250,3022836,2399720,16804,585440
08-02 15:15:01,83.733,13.997,1.250,0,0.500,3023472,2398488,16804,586012
08-02 15:15:02,70.454,18.238,2.748,0,9.244,3024256,2396724,16804,586972
08-02 15:15:03,75.554,15.261,1.001,0,8.006,3023596,2396640,16804,587696
08-02 15:15:04,80.184,15.737,0.250,0,3.747,3033828,2385668,16804,588416
08-02 15:15:05,78.783,15.757,1.251,0,4.252,3034348,2384328,16804,589216
08-02 15:15:06,73.498,18.999,3.000,0.250,4.000,3035200,2382344,16804,590320
08-02 15:15:07,75.778,15.256,3.001,0,6.502,3036320,2380356,16804,591164
08-02 15:15:08,74.207,18.489,3.998,0,1.499,3035796,2379832,16804,592184
08-02 15:15:09,73.770,19.755,4.001,0,0.750,3037012,2377480,16804,593296
08-02 15:15:10,76.734,18.996,2.999,0,0,3038236,2375212,16804,594312
08-02 15:15:11,82.129,14.229,2.247,0,0.999,3037820,2374964,16804,594960
08-02 15:15:12,78.163,14.280,3.006,0,3.257,3037348,2374492,16812,595876
08-02 15:15:13,81.999,14.500,2.000,0,0,3037516,2373708,16820,596464
08-02 15:15:14,79.233,16.996,2.999,0,0.750,3069572,2340696,16820,597404
08-02 15:15:15,74.975,19.244,3.499,0,0.250,3076116,2332896,16820,598620
08-02 15:15:16,78.526,17.006,3.001,0,0.750,3076464,2331656,16820,599492
08-02 15:15:17,77.938,17.736,2.248,0,0.500,3077240,2329900,16820,600444
08-02 15:15:18,77.329,19.270,2.503,0,0.501,3077820,2328388,16820,601360
08-02 15:15:19,78.612,19.466,1.996,0,0,3081612,2323384,16820,602544
08-02 15:15:20,79.365,17.776,1.502,0,0,3085576,2318596,16820,603344
08-02 15:15:21,81.514,16.003,1.500,0,0.250,3099568,2303764,16820,604160
08-02 15:15:22,80.011,18.003,1.000,0,0.500,3104848,2297496,16820,605124
08-02 15:15:23,75.238,20.247,2.500,0,0.250,3105472,2295764,16820,606200
08-02 15:15:24,74.253,20.501,2.250,0,2.000,3104776,2295604,16828,607032
08-02 15:15:25,79.757,17.502,1.250,0,1.250,3110472,2288828,16828,608088
08-02 15:15:26,79.011,19.003,1.500,0,0,3116164,2282276,16828,608924
08-02 15:15:27,78.226,18.244,1.250,0,1.749,3131164,2266440,16828,609736
08-02 15:15:28,79.024,18.006,1.500,0,0.250,3133112,2263672,16828,610536
08-02 15:15:29,81.744,17.749,0.750,0,0.250,3133164,2262656,16828,611476
08-02 15:15:30,78.749,18.500,2.250,0,0,3132764,2261940,16828,612568
08-02 15:15:31,77.753,17.751,2.750,0,0.250,3132536,2261208,16828,613500
08-02 15:15:32,75.145,20.971,2.497,0,0.499,3132584,2259952,16828,614676
08-02 15:15:33,76.845,19.024,2.503,0,0.501,3132048,2259448,16828,615692
08-02 15:15:34,75.239,21.924,2.491,0,0.249,3125096,2265152,16828,616912
08-02 15:15:35,75.978,20.311,2.508,0,0.752,3124468,2264656,16828,618012
08-02 15:15:36,75.791,20.511,2.751,0,0,3123936,2263932,16828,619236
08-02 15:15:37,75.218,19.991,2.749,0,0,3123728,2262928,16828,620416
08-02 15:15:38,76.298,18.011,4.253,0,0,3123832,2261680,16828,621528
08-02 15:15:39,82.694,15.490,0.749,0,0,3123656,2260928,16828,622432
08-02 15:15:40,76.914,19.978,2.997,0,0,3137824,2245576,16828,623588
08-02 15:15:41,77.125,18.280,2.504,0,0.250,3142164,2240284,16828,624512
08-02 15:15:42,75.751,19.500,3.750,0,0.750,3142620,2238520,16828,625788
08-02 15:15:43,77.000,17.750,3.250,0,0.500,3142572,2237356,16828,626972
08-02 15:15:44,76.243,19.748,2.750,0,0.250,3142836,2236096,16828,627944
08-02 15:15:45,76.254,18.251,3.250,0,1.000,3143176,2234584,16828,629084
08-02 15:15:46,75.513,19.253,3.001,0,1.000,3143136,2233356,16828,630332
08-02 15:15:47,77.722,18.743,2.499,0,0,3142684,2232600,16828,631504
08-02 15:15:48,75.244,18.498,2.750,0,3.750,3142876,2231340,16828,632536
08-02 15:15:49,75.037,19.009,3.001,0,1.000,3143736,2229324,16828,633672
08-02 15:15:50,76.585,19.957,2.994,0,0.499,3144020,2227812,16828,634868
08-02 15:15:51,74.142,20.539,3.006,0,0.501,3143564,2227088,16828,636020
08-02 15:15:52,74.744,20.998,3.250,0,0,3143264,2226080,16828,637288
08-02 15:15:53,72.022,19.756,4.001,0,2.751,3143480,2224820,16828,638304
08-02 15:15:54,74.732,18.496,3.749,0,1.500,3143400,2223560,16836,639604
08-02 15:15:55,74.234,19.496,2.999,0,1.750,3143852,2222052,16836,640636
08-02 15:15:56,75.013,20.253,3.251,0,0.750,3143580,2221044,16836,641880
08-02 15:15:57,74.170,21.227,3.247,0,0,3143904,2219528,16836,643052
08-02 15:15:58,73.229,19.994,3.249,0,2.249,3143484,2218720,16836,644256
08-02 15:15:59,74.789,19.760,2.751,0,0.500,3143232,2217712,16836,645472
08-02 15:16:00,72.459,20.488,2.998,0,0.500,3142844,2216956,16836,646612
08-02 15:16:01,72.720,20.991,3.249,0,0.250,3140228,2218140,16836,648048
08-02 15:16:02,75.162,16.980,2.247,0,3.246,3141672,2215804,16836,649004
08-02 15:16:03,68.915,17.542,3.007,0,7.769,3139464,2217272,16836,649824
08-02 15:16:04,74.007,20.752,2.750,0,0.250,3139936,2215800,16836,651056
08-02 15:16:05,72.795,20.012,3.252,0,2.752,3138996,2216040,16836,652176
08-02 15:16:06,72.253,21.001,3.250,0,3.750,3136536,2218108,16836,653452
08-02 15:16:07,72.197,19.735,3.248,0,3.248,3136080,2218748,16836,654468
08-02 15:16:08,29.762,7.503,61.525,0,1.751,3134620,2221408,16836,655060
08-02 15:16:09,0.250,0,98.753,0,0,3122984,2233884,16836,655060
08-02 15:16:10,0.250,1.000,98.230,0,0.250,3118220,2238648,16836,655060
08-02 15:16:11,0.250,0,99.517,0,0.250,3118300,2238568,16836,655060
08-02 15:16:12,0.999,0,98.693,0,0,3112004,2244864,16836,655060
08-02 15:16:13,0.250,0,99.794,0,0,3112256,2244612,16836,655060
08-02 15:16:14,0,0.250,99.517,0,0,3112256,2244612,16836,655060
08-02 15:16:15,0.250,0,99.496,0,0,3112256,2244612,16836,655060
08-02 15:16:16,0.250,0.250,99.488,0,0,3112256,2244612,16836,655060
08-02 15:16:17,0,0,99.788,0,0,3112256,2244612,16836,655060
08-02 15:16:18,0.250,0.250,98.964,0,0.250,3112256,2244612,16836,655060
08-02 15:16:19,0.250,0.750,99.249,0,0,3112256,2244612,16836,655060
08-02 15:16:20,0.250,0,99.486,0,0,3112256,2244612,16836,655060
08-02 15:16:21,0.250,0,99.502,0,0,3112256,2244612,16836,655060
08-02 15:16:22,0.250,0,99.265,0,0,3112256,2244612,16836,655060
08-02 15:16:23,0.250,0.250,99.529,0,0.250,3112256,2244612,16836,655060
08-02 15:16:24,0.250,0.250,99.179,0,0,3113264,2243604,16844,655052
08-02 15:16:25,0.500,0,99.545,0,0,3113252,2243604,16844,655060
08-02 15:16:26,0,0,99.244,0,0,3113252,2243604,16844,655060
08-02 15:16:27,1.000,0.250,98.502,0,0.250,3114008,2242848,16844,655060
08-02 15:16:28,0.250,0.500,99.238,0,0,3114004,2242848,16844,655064
08-02 15:16:29,0,0.250,99.521,0,0,3114004,2242848,16844,655064
08-02 15:16:30,0.250,0.250,98.725,0,0,3114760,2242092,16844,655064
08-02 15:16:31,0.750,0.250,99.023,0,0,3114760,2242092,16844,655064
08-02 15:16:32,0.250,0,99.999,0,0,3114760,2242092,16844,655064
08-02 15:16:33,0,0,99.231,0,0,3114760,2242092,16844,655064
08-02 15:16:34,0,0.250,99.507,0,0,3114760,2242092,16844,655064
08-02 15:16:35,1.000,0.500,98.500,0,0,3114760,2242092,16844,655064
08-02 15:16:36,0,0.250,99.752,0,0,3114728,2242092,16844,655096
08-02 15:16:37,0,0.250,99.249,0,0,3114728,2242092,16844,655096
08-02 15:16:38,0.250,0,99.534,0,0,3114724,2242092,16844,655100
08-02 15:16:39,0.500,0.250,98.501,0,0,3114724,2242092,16844,655100
08-02 15:16:40,0,0,98.993,0,0,3114724,2242092,16844,655100
08-02 15:16:41,0,0,99.487,0,0,3114724,2242092,16844,655100
08-02 15:16:42,0.250,0,99.232,0,0,3114724,2242092,16844,655100
08-02 15:16:43,0.250,0,99.737,0,0.250,3114724,2242092,16844,655100
08-02 15:16:44,0,0,99.266,0,0,3114724,2242092,16844,655100
08-02 15:16:45,0.250,0,99.765,0,0,3114724,2242092,16844,655100
08-02 15:16:46,0.250,0,99.228,0,0,3114724,2242092,16844,655100
08-02 15:16:47,0.250,0.250,99.780,0,0,3114720,2242092,16844,655104
08-02 15:16:48,0.250,0.250,99.232,0,0,3114720,2242092,16844,655104
08-02 15:16:49,0,0.250,99.987,0,0,3114720,2242092,16844,655104
08-02 15:16:50,0.250,0.500,98.755,0,0.250,3115728,2241084,16844,655104
08-02 15:16:51,0,0,99.513,0,0,3114048,2242764,16844,655104
08-02 15:16:52,0.250,0,99.491,0,0,3114048,2242764,16844,655104
08-02 15:16:53,0,0,99.479,0,0,3113984,2242828,16844,655104
08-02 15:16:54,0.750,0,99.273,0,0,3113984,2242828,16844,655104
08-02 15:16:55,0.250,0.500,99.215,0.250,0,3113976,2242828,16852,655104
08-02 15:16:56,0.250,0.250,99.773,0,0,3111632,2245172,16852,655104
08-02 15:16:57,0.250,0,98.736,0,0.250,3111884,2244920,16852,655104
08-02 15:16:58,0,0,99.516,0,0,3111884,2244920,16852,655104
08-02 15:16:59,0.500,0,99.505,0,0,3111884,2244920,16852,655104
08-02 15:17:00,0.500,0.500,98.974,0,0,3111884,2244920,16852,655104
08-02 15:17:01,0.250,5.502,93.277,0.250,0.750,3115596,2315640,340,597184
08-02 15:17:02,0.750,10.253,83.528,4.752,2.251,3133520,2467480,12952,417532
08-02 15:17:03,0,0,99.984,0,0,3133520,2467480,12952,417532
08-02 15:17:04,0.250,0,99.497,0,0,3133520,2467480,12952,417532
08-02 15:17:05,0,0,99.743,0,0,3133520,2467480,12952,417532
08-02 15:17:06,0,0,99.505,0,0,3133520,2467480,12952,417532
08-02 15:17:07,0.250,0.250,99.248,0,0,3133512,2467480,12952,417540
08-02 15:17:08,0,0.500,99.741,0,0,3124876,2476116,12952,417540
08-02 15:17:09,0,0,99.458,0,0,3124876,2476116,12952,417540
08-02 15:17:10,0.500,0.500,98.297,0.500,0.250,3127068,2471076,12952,420388
08-02 15:17:11,0,0,99.528,0,0,3127068,2471076,12952,420388
08-02 15:17:12,0.750,0.500,99.498,0,0.250,3126924,2471076,12952,420532
08-02 15:17:13,0,0,99.739,0,0,3126924,2471076,12952,420532
08-02 15:17:14,0.750,0,99.239,0,0,3126924,2471076,12952,420532
08-02 15:17:15,0,0,99.506,0,0.250,3126924,2471076,12952,420532
08-02 15:17:16,0,0.250,99.507,0.250,0,3126924,2471076,12952,420532
08-02 15:17:17,0,0,99.725,0,0,3126920,2471076,12952,420536
08-02 15:17:18,0.250,0,99.267,0,0,3126920,2471076,12952,420536
08-02 15:17:19,0.250,0,100.009,0,0,3126920,2471076,12952,420536
08-02 15:17:20,0,0,99.513,0,0.250,3126920,2471076,12952,420536
08-02 15:17:21,0.250,0.250,99.480,0,0,3126920,2471076,12952,420536
08-02 15:17:22,0,0.250,99.749,0,0,3126920,2471076,12952,420536
08-02 15:17:23,0.500,0,99.752,0,0,3126920,2471076,12952,420536
08-02 15:17:24,0,0,99.251,0,0,3126912,2471076,12956,420540
08-02 15:17:25,0.250,0.500,99.483,0,0,3126892,2471076,12968,420548
08-02 15:17:26,0,0,99.760,0,0,3126892,2471076,12968,420548
08-02 15:17:27,0.750,0,98.981,0,0,3126892,2471076,12968,420548
08-02 15:17:28,0,0,100.022,0,0,3126892,2471076,12968,420548
08-02 15:17:29,0.250,0,99.004,0,0,3126892,2471076,12968,420548
08-02 15:17:30,0,0.250,99.750,0,0,3126720,2471076,12968,420720
08-02 15:17:31,1.750,0,97.752,0,0,3126720,2471076,12968,420720
08-02 15:17:32,0.250,0.500,99.220,0,0,3126720,2471076,12968,420720
08-02 15:17:33,0,0,99.780,0,0,3126720,2471076,12968,420720
08-02 15:17:34,0,0,99.490,0,0,3126720,2471076,12968,420720
08-02 15:17:35,0.500,0.500,99.215,0,0,3126680,2471076,12968,420760
08-02 15:17:36,0.250,0,99.763,0,0,3126680,2471076,12968,420760
08-02 15:17:37,0.250,0,98.739,0,0.250,3126680,2471076,12968,420760
08-02 15:17:38,0,0,99.267,0,0,3126680,2471076,12968,420760
08-02 15:17:39,0.250,0,99.760,0,0.250,3126680,2471076,12968,420760
08-02 15:17:40,0,0.250,99.244,0,0,3126680,2471076,12968,420760
08-02 15:17:41,0,0,99.718,0,0,3126680,2471076,12968,420760
08-02 15:17:42,0.500,0,99.038,0,0,3126676,2471076,12968,420764
08-02 15:17:43,0.250,0.250,99.987,0,0,3126676,2471076,12968,420764
08-02 15:17:44,0,0,99.234,0,0,3126676,2471076,12968,420764
08-02 15:17:45,0,0.500,100.046,0,0,3126676,2471076,12968,420764
08-02 15:17:46,0,0,99.501,0,0.250,3126676,2471076,12968,420764
08-02 15:17:47,0,0,99.472,0,0,3126676,2471076,12968,420764
08-02 15:17:48,0.750,0,99.488,0,0,3126672,2471076,12968,420768
08-02 15:17:49,0,0,99.786,0,0,3126672,2471076,12968,420768
08-02 15:17:50,0.250,0.749,98.564,0,0.250,3126504,2471076,12968,420936
08-02 15:17:51,0,0.250,99.910,0,0,3126504,2471076,12968,420936
08-02 15:17:52,0,0,99.249,0,0,3126504,2471076,12968,420936
08-02 15:17:53,0,0,99.514,0.250,0,3126504,2471076,12968,420936
08-02 15:17:54,0.500,0,99.749,0,0,3126504,2471076,12968,420936
08-02 15:17:55,0,0.250,98.957,0.250,0,3126496,2471076,12976,420936
08-02 15:17:56,0.250,0.250,99.776,0,0,3126496,2471076,12976,420936
08-02 15:17:57,0.250,0,99.252,0,0,3126496,2471076,12976,420936
08-02 15:17:58,0,0,98.997,0,0,3126496,2471076,12976,420936
08-02 15:17:59,0.500,0.250,99.981,0,0.250,3126496,2471076,12976,420936
08-02 15:18:00,0,0,99.283,0,0,3126496,2471076,12976,420936
08-02 15:18:01,0.250,0.250,99.220,0,0.750,3126496,2471076,12976,420936
08-02 15:18:02,0.250,0.250,99.538,0,0.500,3126496,2471076,12976,420936
08-02 15:18:03,0,0,98.979,0,1.250,3126496,2471076,12980,420932
08-02 15:18:04,0.250,0,99.750,0,0.250,3126416,2471076,12980,421012
08-02 15:18:05,0.250,0.250,99.251,0,0,3126412,2471076,12984,421012
08-02 15:18:06,0,0,99.013,0,0,3126412,2471076,12984,421012
08-02 15:18:07,0.500,0,99.742,0,0,3126412,2471076,12984,421012
08-02 15:18:08,0,0.250,99.246,0,0,3126412,2471076,12984,421012
08-02 15:18:09,0.250,0.250,99.498,0,0,3126412,2471076,12984,421012
08-02 15:18:10,0.500,0.500,98.760,0,0,3126916,2470572,12984,421012
08-02 15:18:11,0,0,99.992,0,0.250,3126916,2470572,12984,421012
08-02 15:18:12,0.500,0.250,98.994,0,0,3126916,2470572,12984,421012
08-02 15:18:13,0.250,0,99.759,0,0,3126916,2470572,12984,421012
08-02 15:18:14,0,0,99.006,0,0.250,3126916,2470572,12984,421012
08-02 15:18:15,0,0,99.992,0,0.250,3126916,2470572,12984,421012
08-02 15:18:16,0,0.250,99.503,0,0,3126916,2470572,12984,421012
08-02 15:18:17,0.500,0.250,99.238,0,0,3126912,2470572,12984,421016
08-02 15:18:18,0.250,0,99.526,0,0,3118848,2478636,12984,421016
08-02 15:18:19,0.750,0.750,97.248,0.250,0,3118844,2476904,13124,422612
08-02 15:18:20,0.250,0,99.460,0,0,3118844,2476904,13124,422612
08-02 15:18:21,0.250,0,99.513,0,0,3118844,2476904,13124,422612
08-02 15:18:22,0,0,99.690,0,0,3118844,2476904,13124,422612
08-02 15:18:23,0,0.500,99.085,0,0,3117632,2478116,13124,422612
08-02 15:18:24,0.500,0.250,99.479,0,0,3117844,2477904,13124,422612
08-02 15:18:25,0.750,0,99.228,0,0,3117844,2477904,13124,422612
08-02 15:18:26,0,0,99.544,0.250,0,3117836,2477904,13132,422612
08-02 15:18:27,0.250,0,99.191,0,0,3117836,2477904,13132,422612
08-02 15:18:28,0.250,0.250,99.548,0,0,3117836,2477904,13132,422612
08-02 15:18:29,0,0,99.506,0,0,3117836,2477904,13132,422612
08-02 15:18:30,0.250,0.250,98.977,0,0,3119096,2476644,13132,422612
08-02 15:18:31,0.500,0,99.264,0.250,0.250,3119096,2476644,13132,422612
08-02 15:18:32,0.250,0.250,99.496,0,0,3119096,2476644,13132,422612
08-02 15:18:33,0,0.250,99.501,0,0,3119096,2476644,13132,422612
08-02 15:18:34,0,0,99.763,0,0,3119096,2476644,13132,422612
08-02 15:18:35,0.750,0.500,98.737,0,0.500,3119320,2476420,13132,422612
08-02 15:18:36,0.250,0,99.247,0,0,3119320,2476420,13132,422612
08-02 15:18:37,0.250,0.250,100.015,0,0.500,3119320,2476420,13132,422612
08-02 15:18:38,0.250,0.250,98.981,0,0,3119272,2476420,13132,422660
08-02 15:18:39,0.250,0,99.487,0,0,3119272,2476420,13132,422660
08-02 15:18:40,0,0,99.625,0,0,3119272,2476420,13132,422660
08-02 15:18:41,0,0,99.377,0,0,3119272,2476420,13132,422660
08-02 15:18:42,0.500,0.250,99.505,0,0,3119272,2476420,13132,422660
08-02 15:18:43,0.500,0,99.265,0,0,3119272,2476420,13132,422660
08-02 15:18:44,0.250,0,99.761,0,0,3119272,2476420,13132,422660
08-02 15:18:45,0,0,99.246,0,0,3119272,2476420,13132,422660
08-02 15:18:46,0,0,99.996,0,0,3119268,2476420,13132,422664
08-02 15:18:47,0.250,0.250,99.248,0,0,3119268,2476420,13132,422664
08-02 15:18:48,0,0.250,99.746,0,0,3119268,2476420,13132,422664
08-02 15:18:49,0.250,0.250,99.262,0,0,3119268,2476420,13132,422664
08-02 15:18:50,0.500,0.250,98.995,0,0,3119268,2476420,13132,422664
08-02 15:18:51,0,0,99.744,0,0,3119268,2476420,13132,422664
08-02 15:18:52,0.250,0.500,99.009,0,0.750,3119264,2476420,13132,422668
08-02 15:18:53,0.500,0,99.508,0,0,3119264,2476420,13132,422668
08-02 15:18:54,0.250,0.250,99.504,0.250,0,3119264,2476420,13132,422668
08-02 15:18:55,0,0,99.243,0,0,3119264,2476420,13132,422668
08-02 15:18:56,0,0,99.739,0,0,3119264,2476420,13132,422668
08-02 15:18:57,0.250,0,99.275,0.250,0,3119252,2476420,13140,422672
08-02 15:18:58,0.500,0.250,99.495,0,0,3119252,2476420,13140,422672
08-02 15:18:59,0,0,99.482,0,0,3119252,2476420,13140,422672
08-02 15:19:00,0.250,0,99.258,0,0,3119252,2476420,13140,422672
08-02 15:19:01,0.500,0,99.510,0,0,3119252,2476420,13140,422672
08-02 15:19:02,0,0,99.213,0,0.500,3119252,2476420,13140,422672
08-02 15:19:03,0,0.250,99.477,0,0.250,3119252,2476420,13140,422672
08-02 15:19:04,0.250,0,99.451,0,0,3119252,2476420,13140,422672
08-02 15:19:05,0.501,0.250,99.604,0,0.250,3119252,2476420,13140,422672
08-02 15:19:06,0.250,0,99.737,0,0.500,3119252,2476420,13140,422672
08-02 15:19:07,0,0,99.536,0,0.250,3119252,2476420,13140,422672
08-02 15:19:08,0.250,0,99.743,0,0,3119252,2476420,13140,422672
08-02 15:19:09,0,0,99.497,0,0,3119252,2476420,13140,422672
08-02 15:19:10,0,0.750,99.261,0,0,3119500,2476172,13140,422672
08-02 15:19:11,0,0,99.457,0,0,3119500,2476172,13140,422672
08-02 15:19:12,0.500,0,99.514,0,0.250,3119500,2476172,13140,422672
08-02 15:19:13,0.250,0.250,99.483,0,0,3119500,2476172,13140,422672
08-02 15:19:14,0.250,0,99.480,0,0,3119500,2476172,13140,422672
08-02 15:19:15,0,0.250,99.277,0,0,3119500,2476172,13140,422672
08-02 15:19:16,0,0,99.767,0,0,3119500,2476172,13140,422672
08-02 15:19:17,0.250,0,99.483,0,0,3119500,2476172,13140,422672
08-02 15:19:18,0.250,0,99.732,0,0.250,3119500,2476172,13140,422672
08-02 15:19:19,0,0.250,99.031,0,0,3119500,2476172,13140,422672
08-02 15:19:20,0.250,0,99.738,0,0,3119500,2476172,13140,422672
08-02 15:19:21,0.250,0.500,99.259,0,0,3119500,2476172,13140,422672
08-02 15:19:22,0.250,0,99.739,0,0,3119500,2476172,13140,422672
08-02 15:19:23,0,0,99.489,0,0.250,3119500,2476172,13140,422672
08-02 15:19:24,0.250,0,99.024,0,0,3119500,2476172,13140,422672
08-02 15:19:25,1.000,0,98.975,0,0,3119500,2476172,13140,422672
08-02 15:19:26,0.250,0,99.276,0,0.500,3119500,2476172,13140,422672
08-02 15:19:27,0.500,0.500,98.966,0,0,3119488,2476172,13148,422676
08-02 15:19:28,0.250,0,99.764,0,0,3119488,2476172,13148,422676
08-02 15:19:29,0.250,0.250,99.503,0,0,3119488,2476172,13148,422676
08-02 15:19:30,0.250,0.250,99.010,0,0,3119488,2476172,13148,422676
08-02 15:19:31,0,0.250,99.240,0,0,3119484,2476172,13148,422680
08-02 15:19:32,1.500,0,98.256,0,0,3119480,2476172,13148,422684
08-02 15:19:33,0.250,0,99.280,0,0,3119480,2476172,13148,422684
08-02 15:19:34,0,0.250,99.724,0,0,3119480,2476172,13148,422684
08-02 15:19:35,0.250,0.500,98.758,0,0,3111664,2483988,13148,422684
08-02 15:19:36,0.250,0,99.746,0,0,3111632,2483988,13148,422716
08-02 15:19:37,1.000,0,98.757,0,0,3111632,2483988,13148,422716
08-02 15:19:38,0,0.250,99.738,0,0.250,3111632,2483988,13148,422716
08-02 15:19:39,0.500,0,98.995,0,0,3112136,2483484,13148,422716
08-02 15:19:40,0,0,99.756,0,0,3112136,2483484,13148,422716
08-02 15:19:41,0,0.500,99.741,0,0,3112136,2483484,13148,422716
08-02 15:19:42,0.250,0.250,99.021,0,0,3112136,2483484,13148,422716
08-02 15:19:43,0.250,0,99.482,0,0.250,3112136,2483484,13148,422716
08-02 15:19:44,0.250,0,99.734,0,0,3112136,2483484,13148,422716
08-02 15:19:45,0.250,0,99.497,0,0,3112136,2483484,13148,422716
08-02 15:19:46,0,0.250,99.294,0,0.250,3112136,2483484,13148,422716
08-02 15:19:47,0.250,0,99.737,0,0,3112136,2483484,13148,422716
08-02 15:19:48,0.250,0,99.750,0,0,3112136,2483484,13148,422716
08-02 15:19:49,0.250,0,99.254,0,0,3112136,2483484,13148,422716
08-02 15:19:50,0.250,0.250,98.968,0,0,3112132,2483484,13148,422720
08-02 15:19:51,0.250,0,99.790,0,0,3112132,2483484,13148,422720
08-02 15:19:52,10.998,0.750,88.231,0,0,3112356,2483260,13148,422720
08-02 15:19:53,10.249,0.250,89.239,0,0,3112352,2483260,13148,422728
08-02 15:19:54,42.005,2.250,53.506,0,0,3128960,2466628,13148,422752
08-02 15:19:55,15.998,1.250,82.488,0,0.250,3128948,2466628,13148,422764
08-02 15:19:56,7.497,0.250,90.967,0,0,3128936,2466628,13148,422776
08-02 15:19:57,0.500,0.250,98.799,0,0,3128924,2466628,13156,422780
08-02 15:19:58,0.500,0,98.452,0,1.249,3128924,2466628,13156,422780
08-02 15:19:59,13.004,3.251,81.778,0,1.250,3136432,2459076,13156,422824
08-02 15:20:00,6.753,0.500,91.536,0,0.250,3136416,2459076,13156,422840
08-02 15:20:01,3.736,0.747,94.882,0,0,3136408,2459076,13156,422848
08-02 15:20:02,3.513,1.004,87.575,0.251,18.820,3136384,2459076,13156,422872
08-02 15:20:03,3.495,0.999,93.124,0,3.745,3136376,2459076,13156,422880
08-02 15:20:04,35.546,4.005,56.573,0,3.755,3133108,2462256,13156,422968
08-02 15:20:05,36.207,4.495,56.932,0,2.996,3124248,2470984,13156,423100
08-02 15:20:06,18.266,4.254,74.815,0,3.253,3124112,2470984,13156,423236
08-02 15:20:07,2.251,0.500,97.040,0,1.000,3124060,2470984,13156,423288
08-02 15:20:08,0,0,99.763,0,0,3124060,2470984,13156,423288
08-02 15:20:09,0.250,0,98.990,0,0.250,3124060,2470984,13156,423288
08-02 15:20:10,0.750,1.000,98.523,0,0,3124060,2470984,13156,423288
08-02 15:20:11,0.250,0,99.769,0,0,3124060,2470984,13156,423288
08-02 15:20:12,0.250,0.250,99.208,0,0,3124060,2470984,13156,423288
08-02 15:20:13,0.500,0.250,99.274,0,0,3124060,2470984,13156,423288
08-02 15:20:14,0,0.250,99.241,0,0,3124060,2470984,13156,423288
08-02 15:20:15,0,0,99.747,0,0,3123920,2470984,13156,423428
08-02 15:20:16,0.250,0,99.492,0,0,3123920,2470984,13156,423428
08-02 15:20:17,0.250,0,99.493,0,0,3123920,2470984,13156,423428
08-02 15:20:18,0,0,99.519,0,0,3123920,2470984,13156,423428
08-02 15:20:19,0.500,0,99.452,0,0.500,3123920,2470984,13156,423428
08-02 15:20:20,0,0.500,99.036,0,0.250,3123920,2470984,13156,423428
08-02 15:20:21,0.250,0,99.741,0,0,3123920,2470984,13156,423428
08-02 15:20:22,0,0,99.518,0,0,3123920,2470984,13156,423428
08-02 15:20:23,0,0.250,99.715,0,0,3123920,2470984,13156,423428
08-02 15:20:24,0,0.500,99.252,0,0.250,3123920,2470984,13172,423412
08-02 15:20:25,0.750,0,99.272,0,0,3123904,2470984,13172,423428
08-02 15:20:26,0.750,0.750,98.257,0.250,0,3123460,2470984,13180,423864
08-02 15:20:27,1.000,1.000,96.967,0.250,0,3124460,2467964,13304,425760
08-02 15:20:28,0,0,99.282,0,0,3124460,2467964,13304,425760
08-02 15:20:29,0.250,0.250,99.760,0,0.250,3124460,2467964,13304,425760
08-02 15:20:30,0.500,0.500,98.750,0,0.250,3123788,2468636,13304,425760
08-02 15:20:31,0.250,0.250,98.970,0,0,3123788,2468636,13304,425760
08-02 15:20:32,0,0,100.026,0,0,3123788,2468636,13308,425756
08-02 15:20:33,0,0,99.227,0,0,3123784,2468636,13308,425760
08-02 15:20:34,0.250,0,99.515,0,0.250,3123784,2468636,13308,425760
08-02 15:20:35,0.500,1.000,98.963,0,0,3123784,2468636,13308,425760
08-02 15:20:36,0.250,0,99.491,0,0,3123784,2468636,13308,425760
08-02 15:20:37,0,0.250,99.521,0,0,3123744,2468636,13308,425800
08-02 15:20:38,0,0,99.265,0,0,3123744,2468636,13308,425800
08-02 15:20:39,0.250,0,99.741,0,0.250,3123744,2468636,13308,425800
08-02 15:20:40,0.250,0,99.454,0,0,3123744,2468636,13308,425800
08-02 15:20:41,0.250,0.250,99.546,0,0,3123744,2468636,13308,425800
08-02 15:20:42,0.500,0,99.475,0,0,3123744,2468636,13308,425800
08-02 15:20:43,0,0.250,99.296,0,0,3123744,2468636,13308,425800
08-02 15:20:44,0,0,99.687,0,0,3123744,2468636,13308,425800
08-02 15:20:45,0.250,0,99.552,0,0,3123744,2468636,13308,425800
08-02 15:20:46,0,0.500,99.495,0,0,3123744,2468636,13308,425800
08-02 15:20:47,8.502,0,91.021,0,0,3123744,2468636,13308,425800
08-02 15:20:48,12.498,0.500,86.989,0,0,3123740,2468636,13308,425804
08-02 15:20:49,7.001,1.250,90.511,0,0.750,3123716,2468636,13308,425828
08-02 15:20:50,4.000,0.750,93.990,0,2.250,3123920,2468384,13308,425876
08-02 15:20:51,3.251,0.750,95.515,0,1.000,3123900,2468384,13308,425896
08-02 15:20:52,3.249,1.250,94.228,0,1.000,3123848,2468384,13308,425948
08-02 15:20:53,2.750,1.000,95.754,0,0.500,3123812,2468384,13308,425984
08-02 15:20:54,3.499,0.500,94.218,0,2.249,3123780,2468384,13308,426016
08-02 15:20:55,4.251,1.500,92.279,0.250,2.501,3123744,2468384,13308,426052
08-02 15:20:56,4.750,1.000,93.751,0,0.250,3123712,2468384,13308,426084
08-02 15:20:57,4.750,1.000,93.247,0,0,3123680,2468384,13320,426104
08-02 15:20:58,8.250,2.000,89.247,0,0.250,3123864,2468132,13320,426172
08-02 15:20:59,39.001,7.500,50.751,0,0,3125100,2466648,13320,426420
08-02 15:21:00,32.763,7.753,54.771,0,4.502,3126032,2465444,13320,426824
08-02 15:21:01,26.227,6.744,61.947,0,3.747,3125944,2465220,13320,427152
08-02 15:21:02,32.508,8.252,29.007,0,39.259,3127992,2462952,13320,427388
08-02 15:21:03,45.491,10.998,16.497,0,34.244,3128060,2462448,13320,427840
08-02 15:21:04,50.000,8.250,33.500,0,15.250,3129504,2460740,13320,428128
08-02 15:21:05,50.793,9.508,30.026,0.250,14.012,3129180,2460740,13320,428484
08-02 15:21:06,29.243,7.248,58.486,0,4.999,3129020,2460516,13320,428868
08-02 15:21:07,31.246,7.999,57.743,0,4.499,3129016,2460292,13320,429096
08-02 15:21:08,41.255,7.251,48.256,0,0.250,3128852,2460068,13320,429484
08-02 15:21:09,28.002,7.501,62.754,0,0.500,3129736,2458836,13320,429832
08-02 15:21:10,26.754,6.751,63.009,0,2.250,3129672,2458612,13320,430120
08-02 15:21:11,24.993,6.998,64.231,0,1.999,3129252,2458612,13320,430540
08-02 15:21:12,43.440,8.738,44.189,0,4.743,3136980,2450576,13320,430848
08-02 15:21:13,42.071,7.763,47.580,0,1.252,3137116,2450108,13320,431164
08-02 15:21:14,27.745,7.499,61.239,0,1.000,3137188,2449660,13320,431540
08-02 15:21:15,28.249,8.000,60.247,0,1.750,3136924,2449660,13320,431804
08-02 15:21:16,27.253,8.501,61.507,0,0.750,3136880,2449344,13320,432180
08-02 15:21:17,27.247,8.249,62.244,0,0,3137336,2448600,13320,432468
08-02 15:21:18,20.750,5.750,70.749,0,0.250,3136744,2448852,13320,432808
08-02 15:21:19,2.999,1.000,95.232,0,0,3136688,2448852,13320,432864
08-02 15:21:20,3.251,1.000,95.791,0,0.250,3136660,2448852,13320,432892
08-02 15:21:21,2.499,0.750,95.215,0,0.250,3136620,2448852,13320,432932
08-02 15:21:22,3.001,1.250,95.518,0,0,3136596,2448852,13320,432956
08-02 15:21:23,3.000,0.250,95.514,0,0.250,3136564,2448852,13320,432988
08-02 15:21:24,2.000,1.250,95.984,0,0,3136520,2448852,13320,433032
08-02 15:21:25,2.750,0.500,95.506,0,0,3136492,2448852,13320,433060
08-02 15:21:26,3.249,0.750,95.480,0,0.250,3136452,2448852,13320,433100
08-02 15:21:27,3.500,1.000,94.989,0,0,3136416,2448852,13328,433128
08-02 15:21:28,13.503,3.251,81.768,0.250,0,3136096,2449104,13328,433196
08-02 15:21:29,44.247,12.499,38.998,0,0,3136580,2447900,13328,433916
08-02 15:21:30,51.722,14.992,28.734,0,0.750,3137420,2446444,13328,434532
08-02 15:21:31,44.295,13.013,38.038,0,0.751,3136212,2447056,13328,435112
08-02 15:21:32,41.890,12.966,41.142,0,0.748,3136392,2446136,13328,435868
08-02 15:21:33,48.327,13.522,33.303,0,2.754,3135916,2445908,13328,436572
08-02 15:21:34,45.540,13.262,36.782,0,2.252,3135752,2445464,13328,437180
08-02 15:21:35,47.488,12.247,36.991,0,0.500,3135728,2444736,13328,437916
08-02 15:21:36,47.504,12.501,35.253,0,1.750,3135784,2444064,13328,438532
08-02 15:21:37,43.744,12.748,40.745,0,0,3135772,2443304,13328,439304
08-02 15:21:38,43.012,12.003,40.511,0,0,3136140,2442328,13328,439912
08-02 15:21:39,42.752,12.750,41.002,0,0.250,3136264,2441460,13328,440656
08-02 15:21:40,53.986,12.497,29.992,0,0,3132340,2444724,13328,441316
08-02 15:21:41,42.975,11.993,40.227,0,1.999,3131504,2444880,13328,441980
08-02 15:21:42,44.518,13.005,37.265,0,0.750,3132316,2443400,13328,442648
08-02 15:21:43,45.263,13.504,38.011,0,0.500,3133020,2442040,13328,443320
08-02 15:21:44,45.754,13.501,36.253,0,0.500,3131332,2443120,13328,443944
08-02 15:21:45,57.901,14.226,24.458,0,1.497,3133120,2440628,13328,444632
08-02 15:21:46,46.577,13.021,35.308,0,2.254,3134556,2438576,13328,445248
08-02 15:21:47,50.762,12.503,33.758,0,0.250,3134024,2438364,13328,445976
08-02 15:21:48,37.733,10.745,48.228,0,0.250,3133888,2437904,13328,446572
08-02 15:21:49,6.501,2.501,90.269,0,0.250,3133468,2438320,13328,446608
08-02 15:21:50,5.249,2.000,90.986,0,0,3133648,2438040,13328,446708
08-02 15:21:51,6.250,1.500,90.748,0,0,3133744,2437884,13328,446768
08-02 15:21:52,6.499,2.000,90.480,0,0.250,3132756,2438808,13328,446832
08-02 15:21:53,6.501,1.750,90.016,0,1.250,3132796,2438704,13328,446896
08-02 15:21:54,5.742,1.748,91.129,0,0.749,3133440,2437988,13328,446968
08-02 15:21:55,5.256,2.253,91.353,0,0.501,3133156,2438216,13328,447040
08-02 15:21:56,5.752,1.751,90.783,0,1.000,3132516,2438812,13328,447084
08-02 15:21:57,6.999,2.000,90.491,0,0,3132840,2438392,13336,447172
08-02 15:21:58,16.207,4.488,77.295,0,0.249,3132904,2438236,13336,447264
08-02 15:21:59,71.207,22.566,4.764,0,0.501,3133852,2436084,13336,448292
08-02 15:22:00,73.174,21.977,3.746,0,0.250,3130944,2437676,13336,449448
08-02 15:22:01,72.587,19.774,4.255,0,1.502,3123612,2444052,13336,450324
08-02 15:22:02,59.092,16.207,5.984,0,19.199,3123632,2443000,13336,451228
08-02 15:22:03,73.923,20.047,3.007,0,2.756,3124884,2440796,13336,451956
08-02 15:22:04,72.956,19.738,4.497,0,1.749,3125232,2439220,13336,452960
08-02 15:22:05,74.309,18.014,4.253,0,2.752,3125592,2437884,13336,453776
08-02 15:22:06,69.275,18.440,4.735,0,7.725,3130880,2431480,13336,454592
08-02 15:22:07,68.441,19.304,4.011,0,8.774,3131876,2429284,13336,455536
08-02 15:22:08,74.036,19.760,4.002,0,0.500,3132208,2427872,13336,456456
08-02 15:22:09,75.986,18.746,3.499,0,0,3133808,2425052,13336,457416
08-02 15:22:10,75.182,19.482,3.497,0,0.250,3134060,2423556,13336,458468
08-02 15:22:11,73.143,19.971,4.493,0,0,3135604,2421060,13336,459280
08-02 15:22:12,71.426,20.551,5.514,0,0.501,3136816,2418596,13336,460300
08-02 15:22:13,74.268,19.689,3.489,0,0.249,3138668,2415536,13336,461364
08-02 15:22:14,72.802,18.513,4.503,0,0,3158972,2394184,13336,462244
08-02 15:22:15,71.909,19.475,4.744,0,0.749,3160316,2391652,13336,463216
08-02 15:22:16,72.216,19.241,3.998,0,0.750,3162344,2388436,13336,464264
08-02 15:22:17,70.248,19.318,5.770,0,0.753,3164664,2384960,13336,465204
08-02 15:22:18,73.375,20.715,3.744,0,0,3164832,2383488,13336,466352
08-02 15:22:19,72.598,21.279,4.256,0,0,3164548,2382736,13336,467348
08-02 15:22:20,71.581,22.025,4.505,0,0,3164020,2382016,13336,468596
08-02 15:22:21,75.210,19.490,3.998,0,0,3164252,2380516,13336,469864
08-02 15:22:22,69.756,22.252,5.000,0,0.250,3164936,2378524,13336,471172
08-02 15:22:23,69.987,24.245,3.999,0,0,3165876,2376248,13336,472524
08-02 15:22:24,70.793,23.014,4.002,0,0,3165548,2375240,13336,474100
08-02 15:22:25,70.236,22.745,4.499,0,0.500,3158612,2382392,13336,475384
08-02 15:22:26,30.252,6.250,61.753,0.250,0.500,2976016,2566408,13336,475640
08-02 15:22:27,14.992,4.498,78.207,0,1.499,2975792,2566540,13344,475816
08-02 15:22:28,26.002,6.500,65.504,0,1.000,2976728,2565336,13344,476084
08-02 15:22:29,75.556,19.765,3.002,0,0,2976564,2563692,13344,477052
08-02 15:22:30,74.718,20.491,3.249,0,0,2978604,2559640,13344,477956
08-02 15:22:31,77.255,18.751,2.750,0,0,2982228,2553992,13344,478896
08-02 15:22:32,76.999,18.000,3.000,0,0.750,2985848,2548132,13344,479804
08-02 15:22:33,70.253,23.751,5.000,0,0,3100228,2432264,13344,480384
08-02 15:22:34,74.892,19.971,3.495,0,0,3102060,2428788,13344,481584
08-02 15:22:35,72.862,22.535,3.005,0,0.501,3102100,2427836,13344,482488
08-02 15:22:36,74.207,19.239,4.747,0,0,3101808,2426828,13344,483788
08-02 15:22:37,70.463,21.988,4.498,0,0.500,3104740,2422812,13344,484872
08-02 15:22:38,73.592,21.026,4.255,0,0.250,3105020,2421568,13344,485836
08-02 15:22:39,72.977,21.243,3.499,0,0.500,3105616,2419840,13344,486968
08-02 15:22:40,72.513,22.004,4.251,0,0,3107108,2417400,13344,487896
08-02 15:22:41,73.992,19.998,4.250,0,0,3106904,2416396,13344,489104
08-02 15:22:42,73.224,21.992,3.499,0,0,3106704,2415516,13344,490184
08-02 15:22:43,72.529,23.009,3.251,0,0.250,3108392,2413016,13344,490996
08-02 15:22:44,73.500,22.000,2.750,0,0.250,3109232,2410844,13344,492328
08-02 15:22:45,75.719,19.492,2.749,0,0.500,3111060,2408100,13344,493244
08-02 15:22:46,78.789,18.009,2.251,0,0,3111852,2406124,13344,494428
08-02 15:22:47,77.956,17.740,2.249,0,1.999,3114340,2402876,13344,495188
08-02 15:22:48,74.741,20.998,2.500,0,0.500,3114156,2401896,13344,496352
08-02 15:22:49,71.541,22.513,3.752,0,0.250,3114008,2400896,13344,497500
08-02 15:22:50,72.208,21.238,4.747,0,0.750,3114188,2399412,13344,498804
08-02 15:22:51,71.809,21.017,5.004,0,0,3115216,2397396,13344,499792
08-02 15:22:52,70.467,22.739,4.998,0,0,3115512,2395636,13344,501252
08-02 15:22:53,71.268,22.506,4.501,0,0.750,3116464,2393380,13344,502532
08-02 15:22:54,71.980,21.244,4.749,0,0.250,3116448,2392152,13344,503744
08-02 15:22:55,72.002,23.251,3.250,0,0,3117128,2390392,13344,504796
08-02 15:22:56,72.517,21.505,3.751,0,0.250,3117132,2388788,13344,506368
08-02 15:22:57,71.176,21.977,4.495,0,0,3118868,2385860,13352,507572
08-02 15:22:58,73.345,22.028,3.004,0,0.751,3118676,2385132,13352,508660
08-02 15:22:59,84.719,14.994,0.250,0,0,3113388,2390112,13352,509180
08-02 15:23:00,79.438,18.236,1.998,0,0,3187148,2315272,13352,509956
08-02 15:23:01,70.047,23.266,3.002,0,2.252,3185196,2316260,13352,510728
08-02 15:23:02,71.206,19.988,2.498,0,5.497,3185900,2314252,13352,511996
08-02 15:23:03,72.798,20.263,2.752,0,3.752,3186908,2312476,13352,512748
08-02 15:23:04,77.506,20.001,1.500,0,0.750,3187004,2311464,13352,513640
08-02 15:23:05,77.974,18.494,1.999,0,0.250,3187124,2310400,13352,514560
08-02 15:23:06,77.245,19.999,2.000,0,0.750,3214508,2282244,13352,515312
08-02 15:23:07,74.280,21.259,2.501,0,0.500,3245472,2250468,13352,516084
08-02 15:23:08,73.263,20.254,2.250,0,2.750,3241324,2253532,13352,517144
08-02 15:23:09,71.647,22.967,3.745,0,0.250,3267876,2226164,13352,517940
08-02 15:23:10,71.096,24.784,2.754,0,1.001,3314780,2178048,13352,519124
08-02 15:23:11,71.986,23.495,2.500,0,0,3361360,2130452,13352,520112
08-02 15:23:12,73.754,22.251,3.250,0,0.250,3405784,2085124,13352,520992
08-02 15:23:13,71.236,24.245,2.749,0,0.500,3408152,2081224,13352,522484
08-02 15:23:14,72.444,20.484,4.746,0,0,3398148,2089980,13352,523816
08-02 15:23:15,71.252,22.251,3.750,0,0,3397976,2088872,13352,525124
08-02 15:23:16,72.477,17.994,4.749,0,0,3399268,2086604,13352,526068
08-02 15:23:17,69.751,21.250,4.000,0,0.250,3398876,2085848,13352,527280
08-02 15:23:18,67.975,20.992,4.248,0,2.499,3397968,2085844,13352,528364
08-02 15:23:19,69.106,20.531,5.508,0,0.751,3397288,2085436,13352,529684
08-02 15:23:20,71.000,22.750,4.250,0,0,3396848,2084576,13352,531108
08-02 15:23:21,70.750,22.500,4.000,0,0,3423968,2057272,13352,532488
08-02 15:23:22,70.213,23.988,4.748,0,0,3416192,2065696,13352,533864
08-02 15:23:23,2.252,1.001,96.066,0,0,3401644,2081280,13352,534156
08-02 15:23:24,0.250,0.500,99.472,0,0,3401856,2081068,13352,534156
08-02 15:23:25,0.250,0,97.269,0,0,3401864,2081204,13352,534156
08-02 15:23:26,0,0,99.212,0,0,3400764,2082304,13352,534156
08-02 15:23:27,0.750,0.750,98.012,0,0,3400504,2082556,13360,534156
08-02 15:23:28,0.250,0,99.529,0,0,3400504,2082556,13360,534156
08-02 15:23:29,0,0.250,99.735,0,0,3400504,2082556,13360,534156
08-02 15:23:30,0.250,0.750,98.774,0,0,3410584,2072476,13360,534156
08-02 15:23:31,0.750,0,99.481,0,0,3410584,2072476,13360,534156
08-02 15:23:32,2.000,0.250,97.501,0.250,0,3410584,2072476,13360,534156
08-02 15:23:33,0,0.250,99.692,0,0,3410584,2072476,13360,534156
08-02 15:23:34,0,0,99.290,0,0,3410584,2072476,13360,534156
08-02 15:23:35,0.500,0.500,98.750,0,0.250,3410584,2072476,13360,534156
08-02 15:23:36,0.250,0.250,99.245,0,0,3410584,2072476,13360,534156
08-02 15:23:37,0.250,0,99.785,0,0,3410584,2072476,13360,534156
08-02 15:23:38,0,0,99.007,0,0,3410544,2072476,13360,534196
08-02 15:23:39,0.250,0,99.717,0,0.250,3410544,2072476,13360,534196
08-02 15:23:40,0,0.250,99.249,0,0,3410544,2072476,13360,534196
08-02 15:23:41,0.500,0,99.505,0,0,3410540,2072476,13360,534200
08-02 15:23:42,0.500,0.250,98.993,0,0,3410540,2072476,13360,534200
08-02 15:23:43,0.250,0,99.747,0,0,3410540,2072476,13360,534200
08-02 15:23:44,0,0.250,99.255,0,0.250,3410540,2072476,13360,534200
08-02 15:23:45,0.250,0,99.235,0,0,3410540,2072476,13360,534200
08-02 15:23:46,0,0.250,100.002,0,0,3410540,2072476,13360,534200
08-02 15:23:47,0.250,0.250,98.779,0,0,3410536,2072476,13360,534204
08-02 15:23:48,0.250,0,99.740,0,0,3410532,2072476,13360,534208
08-02 15:23:49,0.250,0,99.491,0,0,3410532,2072476,13360,534208
08-02 15:23:50,0.250,0.250,99.019,0,0,3410776,2072232,13360,534208
08-02 15:23:51,0.250,0,99.735,0,0,3411028,2071980,13360,534208
08-02 15:23:52,0,0,99.279,0,0,3411028,2071980,13360,534208
08-02 15:23:53,0,0.250,99.475,0,0,3402288,2080720,13360,534208
08-02 15:23:54,11.999,0.250,87.992,0,0.250,3402464,2080544,13360,534208
08-02 15:23:55,2.499,0.750,96.725,0,0,3401980,2081024,13360,534228
08-02 15:23:56,2.751,1.000,95.041,0,0,3402172,2080816,13360,534240
08-02 15:23:57,3.000,1.250,94.255,0,0,3402096,2080824,13368,534296
08-02 15:23:58,3.499,1.250,94.980,0,0,3402336,2080572,13368,534308
08-02 15:23:59,2.750,1.000,94.503,0,0.750,3402256,2080600,13368,534360
08-02 15:24:00,3.000,1.250,94.996,0,0.250,3402244,2080600,13368,534372
08-02 15:24:01,3.739,0.997,94.729,0,0.997,3402944,2079844,13368,534428
08-02 15:24:02,2.508,0.752,95.306,0,0.752,3403140,2079620,13368,534456
08-02 15:24:03,3.250,1.000,95.490,0,0.750,3403608,2079116,13368,534492
08-02 15:24:04,2.750,1.250,95.252,0,0.250,3403044,2079648,13368,534524
08-02 15:24:05,12.002,3.501,83.266,0,1.000,3405184,2077436,13368,534596
08-02 15:24:06,24.249,7.250,63.748,0,1.250,3405876,2076504,13368,534980
08-02 15:24:07,24.249,6.500,66.496,0,0.750,3407516,2074488,13368,535356
08-02 15:24:08,23.753,7.001,69.008,0,0,3409748,2072032,13368,535564
08-02 15:24:09,23.249,6.500,66.497,0,1.000,3410240,2071080,13368,536020
08-02 15:24:10,23.992,7.248,64.979,0,0.250,3411184,2069852,13368,536292
08-02 15:24:11,25.005,7.001,64.764,0,0,3411348,2069380,13368,536600
08-02 15:24:12,23.000,7.750,64.750,0,0.750,3410976,2069408,13368,536948
08-02 15:24:13,26.005,7.752,64.013,0,0,3411736,2068228,13368,537360
08-02 15:24:14,22.701,8.232,66.107,0,3.243,3411840,2067900,13368,537576
08-02 15:24:15,25.048,7.014,64.875,0,0.501,3412568,2066772,13368,538028
08-02 15:24:16,24.756,7.002,65.517,0,0.250,3413504,2065496,13368,538364
08-02 15:24:17,23.745,8.248,65.487,0,0,3413776,2064920,13368,538664
08-02 15:24:18,23.250,6.750,66.999,0,0,3413212,2065172,13368,538972
08-02 15:24:19,23.246,7.499,66.990,0,0,3413440,2064592,13368,539312
08-02 15:24:20,31.009,7.002,58.516,0,1.250,3413668,2063968,13368,539696
08-02 15:24:21,24.499,6.750,67.248,0,0.750,3415156,2062260,13368,539912
08-02 15:24:22,21.749,6.000,68.996,0,0.250,3414176,2062776,13368,540364
08-02 15:24:23,23.999,7.000,66.497,0,0.250,3415856,2060788,13368,540664
08-02 15:24:24,23.254,6.251,67.512,0,0.250,3413088,2063284,13368,540964
08-02 15:24:25,13.742,3.998,79.204,0,0.750,3412692,2063392,13368,541244
08-02 15:24:26,3.000,1.000,94.265,0.250,0.500,3412428,2063644,13368,541256
08-02 15:24:27,3.999,1.500,94.485,0,0,3412316,2063684,13376,541316
08-02 15:24:28,3.001,0.750,95.285,0,0,3412000,2063972,13376,541340
08-02 15:24:29,2.999,1.000,95.208,0,0,3412216,2063720,13376,541376
08-02 15:24:30,3.001,1.250,95.537,0,0.250,3412040,2063868,13376,541404
08-02 15:24:31,3.000,0.750,95.246,0,0,3411884,2063972,13376,541456
08-02 15:24:32,2.750,1.000,95.496,0,0,3411180,2064664,13376,541468
08-02 15:24:33,3.251,0.500,96.024,0,0.250,3411628,2064160,13376,541520
08-02 15:24:34,3.249,1.249,95.208,0,0,3411612,2064160,13376,541536
08-02 15:24:35,20.257,5.252,71.776,0,0.500,3411752,2063656,13376,541892
08-02 15:24:36,45.167,14.973,33.938,0,5.739,3410968,2063832,13376,542472
08-02 15:24:37,42.317,12.520,40.313,0,0.751,3409296,2064756,13376,543224
08-02 15:24:38,45.753,13.751,36.503,0,0,3409572,2063832,13376,543836
08-02 15:24:39,46.259,13.503,36.257,0,0.250,3410084,2062592,13376,544532
08-02 15:24:40,49.994,13.248,31.996,0,2.000,3410208,2061768,13376,545216
08-02 15:24:41,39.996,12.249,43.996,0,0,3412396,2058964,13376,545828
08-02 15:24:42,41.203,11.487,43.201,0,0.499,3409440,2061220,13376,546496
08-02 15:24:43,40.558,12.267,43.562,0,0.751,3410424,2059560,13376,547168
08-02 15:24:44,52.246,11.499,32.497,0,0.250,3414040,2055360,13376,547736
08-02 15:24:45,41.747,13.749,40.747,0,0.500,3415652,2052900,13376,548552
08-02 15:24:46,39.999,11.500,44.499,0,0.750,3415744,2052108,13376,549232
08-02 15:24:47,42.008,11.252,43.509,0,0,3416928,2050244,13376,549900
08-02 15:24:48,40.742,11.748,42.742,0,0,3415920,2050740,13376,550396
08-02 15:24:49,39.208,12.736,44.952,0,0,3414420,2051412,13376,551220
08-02 15:24:50,42.049,13.015,40.547,0,1.001,3414652,2050552,13376,551848
08-02 15:24:51,39.448,12.983,44.192,0,0.250,3413004,2051452,13376,552576
08-02 15:24:52,40.055,12.017,44.061,0,0,3413908,2049848,13376,553244
08-02 15:24:53,43.493,12.748,40.494,0,0.250,3410564,2052612,13376,553808
08-02 15:24:54,45.984,13.495,36.487,0,2.499,3417808,2044580,13376,554576
08-02 15:24:55,57.006,14.252,25.003,0,0.750,3413824,2047292,13376,555132
08-02 15:24:56,82.033,17.257,0,0,0,3426808,2031272,13376,555524
08-02 15:24:57,81.741,16.748,1.000,0,0.250,3434104,2020856,13384,556232
08-02 15:24:58,72.275,23.008,3.501,0,0,3434088,2019608,13384,557244
08-02 15:24:59,72.653,21.721,3.995,0,0,3434664,2017636,13384,558608
08-02 15:25:00,76.823,17.767,4.004,0,0.250,3458452,1992944,13384,559484
08-02 15:25:01,72.991,21.997,3.000,0,1.750,3458324,1991936,13388,560596
08-02 15:25:02,55.758,17.253,6.001,0,22.003,3458868,1990732,13388,561232
08-02 15:25:03,70.262,19.503,3.251,0,7.001,3458976,1989556,13388,562276
08-02 15:25:04,72.258,19.502,3.000,0,5.001,3458328,1989308,13388,563148
08-02 15:25:05,73.200,21.236,2.248,0,1.749,3457952,1988564,13388,564236
08-02 15:25:06,72.001,21.500,3.250,0,3.250,3460036,1985500,13388,565188
08-02 15:25:07,74.022,21.506,2.751,0,1.000,3460372,1984100,13388,566224
08-02 15:25:08,69.738,27.245,1.500,0.250,0.250,3450348,1989168,13572,570952
08-02 15:25:09,70.028,26.511,2.251,0,0,3454288,1983928,13576,572216
08-02 15:25:10,72.467,23.489,2.749,0,0.250,3454332,1982768,13576,573292
08-02 15:25:11,72.783,22.260,2.751,0,1.501,3453548,1982524,13576,574292
08-02 15:25:12,72.740,21.747,3.749,0,0.750,3454116,1980728,13576,575492
08-02 15:25:13,71.540,23.930,2.991,0,0,3454760,1978948,13576,576600
08-02 15:25:14,73.226,22.319,3.009,0,0,3455068,1977360,13576,577848
08-02 15:25:15,71.956,20.987,3.998,0,0.500,3456656,1974564,13576,579028
08-02 15:25:16,71.959,19.739,4.997,0,1.749,3462268,1968104,13576,579852
08-02 15:25:17,70.812,22.770,4.003,0,0,3461128,1967908,13576,581156
08-02 15:25:18,70.172,23.474,3.746,0,0.499,3462308,1965344,13576,582508
08-02 15:25:19,69.267,22.005,4.751,0,0,3462608,1963728,13576,583788
08-02 15:25:20,70.916,22.224,4.245,0,0.499,3462644,1962568,13576,584884
08-02 15:25:21,69.525,21.258,3.251,0,0.250,3463168,1960808,13576,586096
08-02 15:25:22,70.595,22.781,5.007,0,0,3463520,1959044,13576,587464
08-02 15:25:23,70.012,22.504,4.751,0,0.500,3456844,1964280,13576,588916
08-02 15:25:24,71.630,21.714,4.742,0,0.499,3444956,1975784,13576,590104
08-02 15:25:25,36.318,11.271,51.095,0,0,3413420,2009448,13576,590948
08-02 15:25:26,1.750,0.750,97.478,0.250,0.750,3409660,2015036,13576,590948
08-02 15:25:27,0.250,0.250,98.997,0,0,3410136,2014532,13596,590952
08-02 15:25:28,0.250,0,99.250,0,0,3410136,2014532,13596,590952
08-02 15:25:29,0.500,0.250,99.769,0,0,3410136,2014532,13596,590952
08-02 15:25:30,0.250,0.750,98.731,0,0,3410356,2014300,13604,590956
08-02 15:25:31,0.250,0,99.024,0,0,3410356,2014300,13604,590956
08-02 15:25:32,0,0,99.228,0,0.250,3410356,2014300,13604,590956
08-02 15:25:33,2.000,0.250,97.730,0,0,3410356,2014300,13604,590956
08-02 15:25:34,0.250,0,99.529,0,0,3410356,2014300,13604,590956
08-02 15:25:35,0.750,0.500,98.702,0,0.250,3410572,2014048,13604,590992
08-02 15:25:36,0,0,99.780,0,0,3410572,2014048,13604,590992
08-02 15:25:37,0.250,0.250,99.512,0,0,3410572,2014048,13604,590992
08-02 15:25:38,2.250,4.751,92.011,0,0,3429928,1994404,13740,591140
08-02 15:25:39,0,0,99.785,0,0,3429928,1994404,13740,591140
08-02 15:25:40,0.250,0,99.466,0,0,3429928,1994404,13740,591140
08-02 15:25:41,0.250,0,99.480,0,0,3429928,1994404,13740,591140
08-02 15:25:42,0.500,0.750,99.251,0,0,3429928,1994404,13740,591140
08-02 15:25:43,0,0,99.745,0,0,3429928,1994404,13740,591140
08-02 15:25:44,0.250,0,99.534,0,0,3426124,1998208,13740,591140
08-02 15:25:45,0,0,99.744,0,0,3426124,1998208,13740,591140
08-02 15:25:46,0,0,99.256,0,0.250,3426120,1998208,13740,591144
08-02 15:25:47,0.250,0,99.758,0,0.500,3426120,1998208,13740,591144
08-02 15:25:48,0,0,99.461,0,0,3426120,1998208,13740,591144
08-02 15:25:49,0.250,0,99.751,0,0,3426120,1998208,13740,591144
08-02 15:25:50,1.000,1.250,97.762,0,0,3427100,1997228,13740,591144
08-02 15:25:51,0,0,99.506,0,0,3427100,1997228,13740,591144
08-02 15:25:52,0.500,0,99.240,0,0,3427100,1997228,13740,591144
08-02 15:25:53,0,0,99.494,0,0,3427100,1997228,13740,591144
08-02 15:25:54,0.250,0.250,99.469,0,0,3427100,1997228,13740,591144
08-02 15:25:55,0.500,0,99.790,0.500,0,3427100,1997228,13740,591144
08-02 15:25:56,0,0.250,98.984,0,0,3426844,1997484,13740,591144
08-02 15:25:57,0,0.250,99.531,0,0,3427068,1997260,13740,591144
08-02 15:25:58,0.250,0.250,99.239,0,0,3427068,1997260,13740,591144
08-02 15:25:59,0,0,99.706,0,0.250,3427068,1997260,13740,591144
08-02 15:26:00,0.500,0,99.291,0,0,3427068,1997260,13752,591132
08-02 15:26:01,0,0,99.495,0,0.250,3427056,1997260,13752,591144
08-02 15:26:02,0.250,0,99.518,0,1.000,3427056,1997260,13752,591144
08-02 15:26:03,0.250,0.250,99.491,0,0,3427056,1997260,13752,591144
08-02 15:26:04,0.250,0,99.491,0,0,3419048,2005268,13752,591144
08-02 15:26:05,0,0.250,99.490,0,0,3418992,2005324,13752,591144
08-02 15:26:06,0.250,0,99.781,0.250,0,3419244,2005072,13752,591144
08-02 15:26:07,0.500,0.250,98.997,0,0,3419240,2005072,13752,591148
08-02 15:26:08,0.250,0.250,99.494,0,0,3418944,2005368,13752,591148
08-02 15:26:09,0,0,99.976,0,0,3418936,2005376,13752,591148
08-02 15:26:10,0.250,1.000,98.768,0,0,3419224,2005088,13752,591148
08-02 15:26:11,0.250,0,99.252,0,0,3419220,2005088,13752,591152
08-02 15:26:12,0,0,99.737,0,0,3419220,2005088,13752,591152
08-02 15:26:13,0.500,0,99.007,0,0,3419220,2005088,13752,591152
08-02 15:26:14,0,0.250,99.768,0,0,3419220,2005088,13752,591152
08-02 15:26:15,0.250,0,99.475,0,0,3419220,2005088,13752,591152
08-02 15:26:16,0.250,0,99.252,0,0,3419220,2005088,13752,591152
08-02 15:26:17,0,0.250,99.262,0,0,3409540,2014768,13752,591152
08-02 15:26:18,0.250,0.250,99.500,0,0,3409540,2014768,13752,591152
08-02 15:26:19,0,0.250,100.012,0,0,3409540,2014768,13752,591152
08-02 15:26:20,0,0,99.234,0,0,3409540,2014768,13752,591152
08-02 15:26:21,0.750,0.500,98.212,0,0,3404708,2019600,13752,591152
08-02 15:26:22,1.000,0,98.037,0,0.250,3404708,2019600,13752,591152
08-02 15:26:23,0,0,99.976,0,0,3404708,2019600,13752,591152
08-02 15:26:24,0,0,99.266,0,0,3404708,2019600,13752,591152
08-02 15:26:25,0.750,0,99.485,0,0,3403304,2021004,13752,591152
08-02 15:26:26,0,0.250,99.270,0,0,3403304,2021004,13752,591152
08-02 15:26:27,0.250,0,99.512,0,0,3403748,2020560,13752,591152
08-02 15:26:28,0,0,99.482,0,0,3403748,2020560,13752,591152
08-02 15:26:29,0.500,0.250,99.252,0,0,3403748,2020560,13752,591152
08-02 15:26:30,0.250,0.250,99.016,0,0,3405260,2019048,13752,591152
08-02 15:26:31,0.250,0.500,99.506,0,0,3405252,2019048,13760,591152
08-02 15:26:32,0,0,99.201,0,0,3405252,2019048,13760,591152
08-02 15:26:33,0.500,0,99.801,0,0,3405252,2019048,13760,591152
08-02 15:26:34,7.250,0,92.246,0,0,3405252,2019048,13760,591152
08-02 15:26:35,5.999,0.500,93.230,0,0,3405728,2018572,13760,591152
08-02 15:26:36,3.750,1.250,93.998,0,0,3405676,2018572,13760,591220
08-02 15:26:37,4.000,1.000,94.510,0,0.250,3405892,2018320,13760,591256
08-02 15:26:38,2.750,1.500,94.499,0,0,3406108,2018068,13760,591292
08-02 15:26:39,3.999,0.750,94.730,0,0,3406076,2018068,13760,591324
08-02 15:26:40,3.001,1.250,94.273,0,0,3406044,2018068,13760,591356
08-02 15:26:41,3.750,1.000,94.746,0,0,3406012,2018068,13760,591388
08-02 15:26:42,3.500,1.250,94.241,0,0,3406224,2017816,13760,591424
08-02 15:26:43,3.500,1.500,94.995,0,0.250,3406188,2017816,13760,591460
08-02 15:26:44,3.001,1.250,94.785,0,0,3406408,2017564,13760,591492
08-02 15:26:45,3.000,1.000,95.009,0,0,3406880,2017060,13760,591524
08-02 15:26:46,24.504,7.001,66.010,0,0.750,3414812,2008840,13760,591804
08-02 15:26:47,26.247,7.249,63.992,0,0,3415292,2008112,13760,592132
08-02 15:26:48,24.252,7.751,65.504,0,1.250,3415752,2007340,13760,592436
08-02 15:26:49,23.505,6.751,66.514,0,0.250,3415436,2007336,13760,592748
08-02 15:26:50,22.739,6.997,66.469,0,0.750,3417568,2004832,13760,593112
08-02 15:26:51,24.511,7.253,66.028,0,1.251,3417224,2004828,13760,593448
08-02 15:26:52,24.744,7.748,64.985,0,0,3417356,2004324,13760,593812
08-02 15:26:53,25.752,7.751,64.255,0,0.750,3417620,2003848,13760,594020
08-02 15:26:54,24.997,7.999,63.493,0,1.000,3417188,2003848,13760,594440
08-02 15:26:55,23.753,7.501,66.009,0,0.500,3418004,2002644,13760,594816
08-02 15:26:56,22.751,7.500,66.504,0,0,3417696,2002708,13760,595056
08-02 15:26:57,22.997,7.249,67.240,0,0.500,3417204,2002780,13760,595464
08-02 15:26:58,23.003,6.751,66.009,0,1.250,3417108,2002516,13760,595816
08-02 15:26:59,23.732,7.494,66.448,0,0,3418028,2001288,13760,596116
08-02 15:27:00,24.260,6.253,64.528,0,1.000,3417976,2000960,13760,596484
08-02 15:27:01,25.206,7.487,63.389,0,3.244,3417808,2000824,13760,596784
08-02 15:27:02,28.762,9.754,44.768,0.250,29.012,3417844,2000408,13768,597144
08-02 15:27:03,27.258,8.502,54.516,0,15.004,3416572,2001340,13768,597480
08-02 15:27:04,27.764,8.004,61.030,0,0.250,3417204,2000360,13768,597816
08-02 15:27:05,30.490,7.248,58.981,0,0,3416384,2000912,13768,598124
08-02 15:27:06,7.504,2.751,87.541,0,0.250,3416600,2000584,13768,598232
08-02 15:27:07,3.252,1.251,94.548,0,0,3416464,2000688,13768,598260
08-02 15:27:08,3.000,0.750,94.746,0,0,3416424,2000688,13768,598300
08-02 15:27:09,3.000,1.250,95.237,0,0.500,3416388,2000688,13768,598336
08-02 15:27:10,3.750,1.250,94.012,0,0,3417716,1999328,13768,598368
08-02 15:27:11,2.500,1.500,95.506,0,0,3417580,1999432,13768,598400
08-02 15:27:12,3.250,1.000,95.248,0,0,3417548,1999432,13768,598432
08-02 15:27:13,3.000,1.000,94.755,0,0,3417504,1999432,13768,598476
08-02 15:27:14,3.250,1.000,95.003,0,1.750,3417484,1999432,13768,598496
08-02 15:27:15,5.249,1.000,92.975,0,0.500,3417440,1999432,13768,598540
08-02 15:27:16,37.263,11.004,48.017,0,0,3418316,1998088,13768,599100
08-02 15:27:17,65.908,13.481,18.474,0,0,3418092,1997612,13768,599768
08-02 15:27:18,45.313,13.018,38.804,0,0,3417608,1997408,13768,600424
08-02 15:27:19,43.244,13.248,38.245,0,1.750,3418356,1995964,13768,601104
08-02 15:27:20,42.989,12.747,39.740,0,0,3418284,1995520,13768,601620
08-02 15:27:21,45.769,13.756,37.015,0,1.000,3418344,1994612,13768,602448
08-02 15:27:22,47.254,13.501,35.003,0,0,3418508,1994056,13768,602836
08-02 15:27:23,43.000,13.250,40.250,0,0.500,3417920,1993752,13768,603684
08-02 15:27:24,49.472,13.742,31.982,0,2.249,3418572,1992308,13768,604444
08-02 15:27:25,42.017,12.255,41.517,0,0,3418956,1991368,13768,605000
08-02 15:27:26,43.259,13.253,39.008,0,0.500,3418500,1991096,13768,605728
08-02 15:27:27,41.428,11.979,43.175,0,0,3418348,1990524,13768,606432
08-02 15:27:28,39.321,11.270,45.582,0,0,3418600,1989708,13768,606968
08-02 15:27:29,39.700,11.735,44.944,0,0.250,3418160,1989392,13768,607704
08-02 15:27:30,44.032,13.010,38.278,0,0.751,3417344,1989456,13768,608456
08-02 15:27:31,48.016,13.504,33.761,0,0.250,3417212,1989012,13768,609016
08-02 15:27:32,43.436,12.731,40.191,0,0,3418332,1987096,13776,609784
08-02 15:27:33,44.562,13.769,37.802,0,0.501,3417996,1986812,13776,610388
08-02 15:27:34,42.682,12.979,39.437,0,2.995,3418552,1985508,13776,611120
08-02 15:27:35,45.058,13.517,37.298,0,0.501,3418560,1984860,13776,611740
08-02 15:27:36,6.249,2.000,89.492,0,0,3418820,1984396,13776,611936
08-02 15:27:37,0.250,0.250,99.032,0,0,3418832,1984396,13776,611940
08-02 15:27:38,0.250,0.250,99.233,0,0,3418832,1984396,13776,611940
08-02 15:27:39,0.250,0.250,99.487,0,0,3418832,1984396,13776,611940
08-02 15:27:40,0,0,99.766,0,0,3418832,1984396,13776,611940
08-02 15:27:41,0.250,0,98.981,0,0,3418832,1984396,13776,611940
08-02 15:27:42,0.250,0.250,99.505,0,0,3418832,1984396,13776,611940
08-02 15:27:43,0,0.500,99.499,0,0,3418832,1984396,13776,611940
08-02 15:27:44,0,0.250,99.514,0,0,3418832,1984396,13776,611940
08-02 15:27:45,0.500,0,99.226,0,0,3418832,1984396,13776,611940
08-02 15:27:46,0,0,99.989,0,0,3418832,1984396,13776,611940
08-02 15:27:47,0.250,0.250,99.019,0,0,3418832,1984396,13776,611940
08-02 15:27:48,0,0,99.752,0,0,3418828,1984396,13776,611944
08-02 15:27:49,1.000,0.500,98.251,0,0,3418828,1984396,13776,611944
08-02 15:27:50,0.250,0.500,99.251,0,0.250,3418828,1984396,13776,611944
08-02 15:27:51,0.500,0.500,97.995,0,0,3412048,1991176,13776,611944
08-02 15:27:52,0.500,0,99.499,0,0,3412048,1991176,13776,611944
08-02 15:27:53,0,0,99.535,0,0.250,3412048,1991176,13776,611944
08-02 15:27:54,0,0.250,99.469,0,0,3412048,1991176,13776,611944
08-02 15:27:55,0.250,0.250,99.494,0,0,3412048,1991176,13776,611944
08-02 15:27:56,0.250,0.250,99.534,0,0,3412048,1991176,13776,611944
08-02 15:27:57,0.250,0,99.221,0,0,3412060,1991160,13776,611948
08-02 15:27:58,0.500,0,99.534,0,0,3412060,1991160,13776,611948
08-02 15:27:59,0,0,99.739,0,0,3412060,1991160,13776,611948
08-02 15:28:00,0,0.250,99.208,0,0.250,3412060,1991160,13776,611948
08-02 15:28:01,0.250,0,99.529,0.250,0,3412060,1991160,13776,611948
08-02 15:28:02,0.250,0,99.015,0,0,3412052,1991160,13784,611948
08-02 15:28:03,0.250,0,99.754,0,0,3412052,1991160,13784,611948
08-02 15:28:04,0,0.250,99.746,0,0.250,3412052,1991160,13784,611948
08-02 15:28:05,0.250,0,99.260,0,0,3412052,1991160,13784,611948
08-02 15:28:06,0.250,0.250,99.998,0,0.250,3412052,1991160,13784,611948
08-02 15:28:07,0.250,0.250,99.488,0,0,3412052,1991160,13784,611948
08-02 15:28:08,0.250,0,99.223,0,0,3412052,1991160,13784,611948
08-02 15:28:09,0,0,99.761,0,0,3412052,1991160,13784,611948
08-02 15:28:10,0.500,0.250,99.009,0,0,3412052,1991160,13784,611948
08-02 15:28:11,0,0.250,99.771,0,0,3412052,1991160,13784,611948
08-02 15:28:12,0.500,0,99.481,0,0,3412052,1991160,13784,611948
08-02 15:28:13,0,0,99.515,0,0,3412052,1991160,13784,611948
08-02 15:28:14,0,0,99.740,0,0,3412052,1991160,13784,611948
08-02 15:28:15,0.250,0.250,99.496,0,0.500,3412052,1991160,13784,611948
08-02 15:28:16,0,0,99.498,0,0,3412052,1991160,13784,611948
08-02 15:28:17,0,0,99.717,0,0,3412048,1991160,13784,611952
08-02 15:28:18,0,0,99.528,0,0,3412048,1991160,13784,611952
08-02 15:28:19,0.500,0.250,99.247,0,0,3412048,1991160,13784,611952
08-02 15:28:20,0.250,0,99.771,0,0,3411792,1991416,13784,611952
08-02 15:28:21,0,0,99.004,0,0,3411792,1991416,13784,611952
08-02 15:28:22,0.250,0,99.949,0,0,3411792,1991416,13784,611952
08-02 15:28:23,0,0.250,99.525,0,0,3411792,1991416,13784,611952
08-02 15:28:24,0,0,99.247,0,0,3411792,1991416,13784,611952
08-02 15:28:25,0.250,0,99.760,0,0.250,3411792,1991416,13784,611952
08-02 15:28:26,0.500,0.500,99.524,0,0.250,3411792,1991416,13784,611952
08-02 15:28:27,0,0.250,99.224,0,0,3411792,1991416,13784,611952
08-02 15:28:28,0.250,0,99.761,0,0,3411640,1991568,13784,611952
08-02 15:28:29,0.250,0,99.495,0,0,3411536,1991672,13784,611952
08-02 15:28:30,0.250,0,99.222,0,0.250,3411536,1991672,13784,611952
08-02 15:28:31,0.500,0,99.523,0,0,3411536,1991672,13784,611952
08-02 15:28:32,0,0,98.995,0,0,3409360,1993848,13784,611952
08-02 15:28:33,0.250,0,100.008,0,0,3409352,1993848,13792,611952
08-02 15:28:34,0,0.250,99.238,0,0,3409604,1993596,13792,611952
08-02 15:28:35,0.250,0.500,98.998,0,0.250,3410068,1993120,13792,611960
08-02 15:28:36,0.250,0,99.575,0,0.998,3405628,1997560,13792,611960
08-02 15:28:37,0.251,0.501,99.452,0,0,3405588,1997560,13792,612000
08-02 15:28:38,0,0,99.504,0,0,3405588,1997560,13792,612000
08-02 15:28:39,0.250,0,99.460,0,0,3405588,1997560,13792,612000
08-02 15:28:40,0,0,99.519,0,0,3405436,1997712,13792,612000
08-02 15:28:41,0,0,99.496,0,0,3405332,1997816,13792,612000
08-02 15:28:42,0.500,0.250,99.518,0.250,0,3405332,1997816,13792,612000
08-02 15:28:43,0,0.250,99.508,0,0,3405332,1997816,13792,612000
08-02 15:28:44,0,0,99.978,0,0,3405332,1997816,13792,612000
08-02 15:28:45,0.250,0,99.261,0,0,3405332,1997816,13792,612000
08-02 15:28:46,0.250,0,99.766,0,0,3405332,1997816,13792,612000
08-02 15:28:47,0,0.250,99.487,0,0,3405328,1997816,13792,612004
08-02 15:28:48,0,0,99.761,0,0,3405328,1997816,13792,612004
08-02 15:28:49,0.500,0.250,99.489,0,0,3405328,1997816,13792,612004
08-02 15:28:50,0.250,0,99.236,0,0,3406560,1996584,13792,612004
08-02 15:28:51,0,0,99.510,0,0.250,3406560,1996584,13792,612004
08-02 15:28:52,0,0.250,99.242,0,0,3406560,1996584,13792,612004
08-02 15:28:53,0.250,0.250,99.787,0,0.250,3406556,1996584,13792,612008
08-02 15:28:54,0.250,0,99.235,0.250,0,3406556,1996584,13792,612008
08-02 15:28:55,0.250,0.250,99.733,0,0,3406556,1996584,13792,612008
08-02 15:28:56,0,0,99.525,0,0,3406556,1996584,13792,612008
08-02 15:28:57,0.250,0.250,99.485,0,0,3406556,1996584,13792,612008
08-02 15:28:58,0,0,99.756,0,0,3406556,1996584,13792,612008
08-02 15:28:59,0,0,99.488,0,0,3406556,1996584,13792,612008
08-02 15:29:00,1.000,0,98.993,0,0.250,3406556,1996584,13792,612008
08-02 15:29:01,0,0,99.511,0,0,3406556,1996584,13792,612008
08-02 15:29:02,0.500,0.250,99.721,0,0.750,3406556,1996584,13792,612008
08-02 15:29:03,0.250,0,99.286,0,0,3406556,1996584,13792,612008
08-02 15:29:04,0,0.250,99.738,0,0,3406556,1996584,13800,612000
08-02 15:29:05,0.250,0.250,99.752,0,0,3406556,1996584,13800,612000
08-02 15:29:06,13.001,0,86.258,0,0,3406548,1996584,13800,612008
08-02 15:29:07,0.250,0,99.492,0,0,3406548,1996584,13800,612008
08-02 15:29:08,0.500,0,99.963,0,0,3406548,1996584,13800,612008
08-02 15:29:09,0,0,99.004,0,0,3406548,1996584,13800,612008
08-02 15:29:10,0,0.250,99.765,0,0,3411372,1991760,13800,612008
08-02 15:29:11,0,0.250,99.007,0,0.250,3411340,1991792,13800,612008
08-02 15:29:12,0.500,0.250,99.497,0,0,3411340,1991792,13800,612008
08-02 15:29:13,0.250,0,99.492,0,0.250,3411340,1991792,13800,612008
08-02 15:29:14,2.250,0.750,96.737,0,0,3411336,1991792,13800,612012
08-02 15:29:15,0.250,0,99.502,0,0,3411380,1991740,13800,612020
08-02 15:29:16,0,0,100.009,0,0,3411380,1991740,13800,612020
08-02 15:29:17,0.500,0,99.016,0,0,3411376,1991740,13800,612024
08-02 15:29:18,0.250,0.250,99.701,0,0,3411376,1991740,13800,612024
08-02 15:29:19,0,0.250,99.276,0,0,3411376,1991740,13800,612024
08-02 15:29:20,0.500,0.250,98.764,0.250,0,3411376,1991740,13800,612024
08-02 15:29:21,0.250,0,99.733,0,0,3411376,1991740,13800,612024
08-02 15:29:22,0.250,0,99.259,0,0,3411376,1991740,13800,612024
08-02 15:29:23,0,0.500,99.501,0,0,3411376,1991740,13800,612024
08-02 15:29:24,0.250,0,100.002,0,0,3411376,1991740,13800,612024
08-02 15:29:25,0,0.500,99.012,0,0,3411376,1991740,13800,612024
08-02 15:29:26,0.250,0,99.722,0,0,3411376,1991740,13800,612024
08-02 15:29:27,0.250,0,99.237,0,0,3411376,1991740,13800,612024
08-02 15:29:28,0.250,0.250,99.538,0,0,3411376,1991740,13800,612024
08-02 15:29:29,0.500,0,99.245,0,0,3411376,1991740,13800,612024
08-02 15:29:30,0.250,0.250,99.500,0,0,3411628,1991488,13800,612024
08-02 15:29:31,0,0.250,98.742,0,0,3411628,1991488,13800,612024
08-02 15:29:32,0,0,99.502,0,0,3411624,1991488,13800,612028
08-02 15:29:33,1.750,0.500,97.998,0,0,3411624,1991488,13800,612028
08-02 15:29:34,0,0.250,99.239,0,0,3411624,1991488,13800,612028
08-02 15:29:35,0.500,0,99.267,0,0,3411580,1991488,13808,612064
08-02 15:29:36,0.250,0,99.225,0,0,3411580,1991488,13808,612064
08-02 15:29:37,0.250,0.500,99.776,0,0,3411580,1991488,13808,612064
08-02 15:29:38,0,0.250,99.248,0,0,3411456,1991612,13808,612064
08-02 15:29:39,0.250,0,99.491,0,0,3409352,1993716,13808,612064
08-02 15:29:40,0,0.250,99.265,0,0,3409100,1993968,13808,612064
08-02 15:29:41,0,0,99.754,0,0,3407516,1995552,13808,612064
08-02 15:29:42,0.250,0.250,99.490,0,0,3407516,1995552,13808,612064
08-02 15:29:43,0,0,99.736,0,0,3405908,1997160,13808,612064
08-02 15:29:44,0.250,0,99.298,0,0.250,3405656,1997412,13808,612064
08-02 15:29:45,0,0,99.972,0,0,3405244,1997824,13808,612064
08-02 15:29:46,0.250,0,99.227,0,0,3405244,1997824,13808,612064
08-02 15:29:47,0,0,99.800,0,0,3405244,1997824,13808,612064
08-02 15:29:48,0.250,0,99.477,0,0,3404992,1998076,13808,612064
08-02 15:29:49,0.250,0,99.772,0,0,3404992,1998076,13808,612064
08-02 15:29:50,0.250,0.500,98.985,0,0,3404992,1998076,13808,612064
08-02 15:29:51,0.250,0,99.476,0,0,3404992,1998076,13808,612064
08-02 15:29:52,0,0.250,99.516,0,0,3404992,1998076,13808,612064
08-02 15:29:53,0,0,99.493,0,0,3404992,1998076,13808,612064
08-02 15:29:54,0.250,0.250,99.494,0,0.250,3404992,1998076,13808,612064
08-02 15:29:55,0.250,0,99.785,0,0,3404992,1998076,13808,612064
08-02 15:29:56,0,0,99.739,0,0,3404992,1998076,13808,612064
08-02 15:29:57,0.499,0,99.218,0,0,3404984,1998076,13808,612072
08-02 15:29:58,0.251,0,99.536,0,0.501,3404984,1998076,13808,612072
08-02 15:29:59,0,0,99.747,0,0,3404984,1998076,13808,612072
08-02 15:30:00,0.250,0.500,99.244,0,0,3404984,1998076,13808,612072
08-02 15:30:01,0.250,0.250,99.723,0,0,3404984,1998076,13808,612072
08-02 15:30:02,0.250,0.250,99.250,0,0,3404980,1998076,13808,612076
08-02 15:30:03,0,0,99.495,0,0.500,3404980,1998076,13808,612076
08-02 15:30:04,0.250,0,99.766,0,0,3404980,1998076,13808,612076
08-02 15:30:05,0,0,99.515,0,0,3404980,1998076,13808,612076
08-02 15:30:06,0,0,99.499,0,0.500,3404968,1998076,13816,612076
08-02 15:30:07,0.250,0.250,99.244,0.250,0,3404968,1998076,13816,612076
08-02 15:30:08,0,0,99.760,0,0,3404968,1998076,13816,612076
08-02 15:30:09,0.250,0,99.487,0,0,3404968,1998076,13816,612076
08-02 15:30:10,0,0.500,99.017,0,0,3404968,1998076,13816,612076
08-02 15:30:11,0,0,100.023,0,0,3404968,1998076,13816,612076
08-02 15:30:12,0.500,0,98.969,0,0,3404968,1998076,13816,612076
08-02 15:30:13,0,0,99.721,0,0,3404968,1998076,13816,612076
08-02 15:30:14,0,0.250,99.499,0,0,3404968,1998076,13816,612076
08-02 15:30:15,0.500,0,99.512,0,0,3404968,1998076,13816,612076
08-02 15:30:16,0.250,0.250,99.759,0,0,3404968,1998076,13816,612076
08-02 15:30:17,7.497,0,91.961,0,0,3404968,1998076,13816,612076
08-02 15:30:18,0,0,99.532,0,0.250,3404968,1998076,13816,612076
08-02 15:30:19,0.500,0,99.496,0,0,3404968,1998076,13816,612076
08-02 15:30:20,0,0,99.523,0,0,3404968,1998076,13816,612076
08-02 15:30:21,0,0.250,99.508,0,0,3404968,1998076,13816,612076
08-02 15:30:22,0.250,0,99.738,0,0,3404968,1998076,13816,612076
08-02 15:30:23,0.250,0,99.482,0,0,3404968,1998076,13816,612076
08-02 15:30:24,0,0,99.517,0,0,3404968,1998076,13816,612076
08-02 15:30:25,0.250,0.250,99.236,0,0,3404968,1998076,13816,612076
08-02 15:30:26,0.250,0,99.767,0,0,3404968,1998076,13816,612076
08-02 15:30:27,0.250,0.250,98.984,0,0,3404964,1998076,13816,612080
08-02 15:30:28,0.750,0.750,97.998,0,0,3404964,1998076,13816,612080
08-02 15:30:29,0.500,0,99.763,0,0,3404964,1998076,13816,612080
08-02 15:30:30,0,0.500,98.966,0,0,3404964,1998076,13840,612056
08-02 15:30:31,0.250,0,99.258,0,0,3404940,1998076,13840,612080
08-02 15:30:32,0,0.250,99.506,0.250,0,3404940,1998076,13840,612080
08-02 15:30:33,0.500,0,99.758,0,0.250,3404940,1998076,13840,612080
08-02 15:30:34,0,0,99.252,0,0,3404940,1998076,13840,612080
08-02 15:30:35,0.500,0.500,99.020,0,0.250,3404908,1998076,13840,612112
08-02 15:30:36,0,0,100.006,0,0,3404908,1998076,13840,612112
08-02 15:30:37,0,0,99.492,0,0,3404908,1998076,13840,612112
08-02 15:30:38,0.250,0,99.739,0,0,3404908,1998076,13840,612112
08-02 15:30:39,0.250,0.500,99.239,0,0,3404908,1998076,13840,612112
08-02 15:30:40,0,0,99.753,0,0,3404908,1998076,13840,612112
08-02 15:30:41,0,0,99.256,0,0,3404908,1998076,13840,612112
08-02 15:30:42,0.250,0,99.759,0,0,3404908,1998076,13840,612112
08-02 15:30:43,0,0.250,99.762,0,0,3404908,1998076,13840,612112
08-02 15:30:44,0,0.250,99.218,0,0,3404908,1998076,13840,612112
08-02 15:30:45,0.250,0,99.770,0,0,3404908,1998076,13840,612112
08-02 15:30:46,0.500,0.250,99.757,0,0.250,3404908,1998076,13840,612112
08-02 15:30:47,0.250,0,99.018,0,0,3404908,1998076,13840,612112
08-02 15:30:48,0,0,99.708,0,0,3404908,1998076,13840,612112
08-02 15:30:49,0.250,0,99.763,0,0,3404908,1998076,13840,612112
08-02 15:30:50,0.250,0.750,99.027,0,0.250,3404908,1998076,13840,612112
08-02 15:30:51,0.250,0.250,99.738,0,0,3404908,1998076,13840,612112
08-02 15:30:52,0,0,99.453,0,0,3404900,1998076,13840,612120
08-02 15:30:53,0.250,0,99.546,0,0,3404900,1998076,13840,612120
08-02 15:30:54,0.500,0,99.484,0,0,3404900,1998076,13840,612120
08-02 15:30:55,0.250,0.250,99.757,0,0,3404900,1998076,13840,612120
08-02 15:30:56,0,0,99.003,0,0,3404900,1998076,13840,612120
08-02 15:30:57,0,0,100.031,0,0,3404896,1998076,13840,612124
08-02 15:30:58,0.250,0,98.967,0,0,3404896,1998076,13840,612124
08-02 15:30:59,0.250,0,99.505,0,0,3404896,1998076,13840,612124
08-02 15:31:00,0.750,0,99.770,0,0,3404896,1998076,13840,612124
08-02 15:31:01,0.250,0.500,99.235,0,0,3404888,1998076,13848,612124
08-02 15:31:02,0,0,99.481,0,1.000,3404888,1998076,13848,612124
08-02 15:31:03,0,0.249,99.234,0,0.748,3404884,1998076,13848,612128
08-02 15:31:04,0,0,99.363,0,0.501,3404884,1998076,13848,612128
08-02 15:31:05,0,0,99.372,0,1.252,3404884,1998076,13848,612128
08-02 15:31:06,0.500,0.500,98.240,0.250,2.250,3404884,1998076,13848,612128
08-02 15:31:07,0.250,0.500,98.503,0,1.500,3404880,1998076,13848,612132
08-02 15:31:08,0.250,0,99.557,0,0.250,3404880,1998076,13848,612132
08-02 15:31:09,0,0,99.493,0,0,3404880,1998076,13848,612132
08-02 15:31:10,0.500,0.250,98.988,0,0,3404880,1998076,13848,612132
08-02 15:31:11,0,0,99.509,0,0,3404880,1998076,13848,612132
08-02 15:31:12,0.500,0.250,99.519,0,0,3404876,1998076,13852,612132
08-02 15:31:13,0.250,0.250,99.495,0,0,3404876,1998076,13852,612132
08-02 15:31:14,0,0,99.494,0,0,3404876,1998076,13852,612132
08-02 15:31:15,0,0,99.765,0,0.250,3404876,1998076,13852,612132
08-02 15:31:16,0.250,0,99.729,0,0,3404876,1998076,13852,612132
08-02 15:31:17,0,0,99.506,0,0,3404876,1998076,13852,612132
08-02 15:31:18,0.500,0,99.744,0,0,3404876,1998076,13852,612132
08-02 15:31:19,0.250,0,99.775,0,0,3404876,1998076,13852,612132
08-02 15:31:20,0,0,99.228,0,0,3404876,1998076,13852,612132
08-02 15:31:21,0,0.250,99.996,0,0,3404876,1998076,13852,612132
08-02 15:31:22,0,0,98.969,0,0,3404876,1998076,13852,612132
08-02 15:31:23,0.250,0,99.784,0,0,3404876,1998076,13852,612132
08-02 15:31:24,0.250,0.500,99.747,0,0,3404876,1998076,13852,612132
08-02 15:31:25,0.250,0.250,99.248,0,0,3404876,1998076,13852,612132
08-02 15:31:26,0.250,0,99.733,0,0,3404876,1998076,13852,612132
08-02 15:31:27,0,0,99.534,0,0,3404876,1998076,13852,612132
08-02 15:31:28,0,0,99.219,0,0,3404876,1998076,13852,612132
08-02 15:31:29,0.250,0.250,99.797,0,0,3404876,1998076,13852,612132
08-02 15:31:30,0.750,0.250,99.233,0,0.250,3404876,1998076,13852,612132
08-02 15:31:31,0,0.250,99.247,0,0,3404876,1998076,13860,612124
08-02 15:31:32,0,0,99.497,0,0,3404864,1998076,13860,612136
08-02 15:31:33,0,0,99.742,0,0,3404864,1998076,13860,612136
08-02 15:31:34,1.250,0,98.514,0,0,3404864,1998076,13860,612136
08-02 15:31:35,0.500,0.750,98.981,0,0.250,3404828,1998076,13860,612172
08-02 15:31:36,0.250,0,99.755,0,0,3404828,1998076,13860,612172
08-02 15:31:37,0,0,99.490,0,0,3404824,1998076,13860,612176
08-02 15:31:38,0.250,0,99.261,0,0,3404824,1998076,13860,612176
08-02 15:31:39,0.250,0,99.513,0,0,3404824,1998076,13860,612176
08-02 15:31:40,0,0,100.006,0,0,3404824,1998076,13860,612176
08-02 15:31:41,0,0,99.263,0,0,3404824,1998076,13860,612176
08-02 15:31:42,0.750,0,99.713,0,0,3404824,1998076,13860,612176
08-02 15:31:43,0,0,99.750,0,0,3404824,1998076,13860,612176
08-02 15:31:44,0.250,0.250,99.020,0,0,3404824,1998076,13860,612176
08-02 15:31:45,0,0.250,99.950,0,0,3404824,1998076,13860,612176
08-02 15:31:46,0,0,99.533,0,0,3404824,1998076,13860,612176
08-02 15:31:47,0,0,99.489,0,0,3404824,1998076,13860,612176
08-02 15:31:48,0.250,0,99.755,0,0,3404824,1998076,13860,612176
08-02 15:31:49,0,0,99.522,0,0,3404824,1998076,13860,612176
08-02 15:31:50,0.250,0.250,99.231,0,0,3404824,1998076,13860,612176
08-02 15:31:51,0.500,0,99.503,0,0,3404824,1998076,13860,612176
08-02 15:31:52,0,0,99.500,0.250,0,3404824,1998076,13860,612176
08-02 15:31:53,0,0.250,99.735,0,0,3404824,1998076,13860,612176
08-02 15:31:54,0.250,0,99.264,0,0,3404824,1998076,13860,612176
08-02 15:31:55,0.500,0,99.748,0,0,3404824,1998076,13860,612176
08-02 15:31:56,0.250,0,99.757,0,0,3404640,1998260,13860,612176
08-02 15:31:57,0,0,99.221,0,0,3404388,1998512,13860,612176
08-02 15:31:58,0.250,0,99.519,0.250,0.500,3404388,1998512,13860,612176
08-02 15:31:59,0,0,99.463,0,0,3404388,1998512,13860,612176
08-02 15:32:00,0.250,0,99.798,0,0.750,3404388,1998512,13860,612176
