INSERT INTO
    objects (id, created_at, updated_at, created_by, updated_by)
VALUES
    (
        '57efa801-3b27-4433-ba3d-5a467ed67162',
        '2024-06-15 22:26:57.063246',
        '2024-06-15 22:26:57.063246',
        'a5734b79-09be-4b98-9af1-28c39a95b5d4',
        'a5734b79-09be-4b98-9af1-28c39a95b5d4'
    ),
    (
        '6cd3c8e4-06bf-4991-a66c-9f125f2d9d3c',
        '2024-06-15 22:26:49.072196',
        '2024-06-15 22:26:49.447351',
        '00000000-0000-0000-0000-000000000000',
        '00000000-0000-0000-0000-000000000000'
    ),
    (
        'a5734b79-09be-4b98-9af1-28c39a95b5d4',
        '2024-06-15 22:26:49.830441',
        '2024-06-15 22:26:50.167206',
        '00000000-0000-0000-0000-000000000000',
        '00000000-0000-0000-0000-000000000000'
    ),
    (
        '9ff72fd8-5f1e-4b88-a008-d9bb0eb7a543',
        '2024-06-15 22:26:50.506895',
        '2024-06-15 22:26:50.834685',
        '00000000-0000-0000-0000-000000000000',
        '00000000-0000-0000-0000-000000000000'
    ),
    (
        '5d1c4492-e789-4cc1-b37f-9674e929e8d0',
        '2024-06-15 22:26:51.1778',
        '2024-06-15 22:26:51.495566',
        '00000000-0000-0000-0000-000000000000',
        '00000000-0000-0000-0000-000000000000'
    ),
    (
        'c23bbb66-2f62-4d13-8ab7-89f5d46f7c12',
        '2024-06-15 22:26:51.829864',
        '2024-06-15 22:26:52.148929',
        '00000000-0000-0000-0000-000000000000',
        '00000000-0000-0000-0000-000000000000'
    ),
    (
        '768d46f6-6fdc-4de6-81cd-a9543104818f',
        '2024-06-15 22:26:52.478094',
        '2024-06-15 22:26:52.796755',
        '00000000-0000-0000-0000-000000000000',
        '00000000-0000-0000-0000-000000000000'
    ),
    (
        'd81b9a5e-500c-4d21-b99d-cb53e28996ee',
        '2024-06-15 22:26:53.124909',
        '2024-06-15 22:26:53.441229',
        '00000000-0000-0000-0000-000000000000',
        '00000000-0000-0000-0000-000000000000'
    ),
    (
        '73e53011-71a3-4652-968a-520ea91bdc84',
        '2024-06-15 22:26:53.773879',
        '2024-06-15 22:26:54.092635',
        '00000000-0000-0000-0000-000000000000',
        '00000000-0000-0000-0000-000000000000'
    ),
    (
        'fc26f423-d270-41f3-bc6c-253ec2174e75',
        '2024-06-15 22:26:54.421034',
        '2024-06-15 22:26:54.748272',
        '00000000-0000-0000-0000-000000000000',
        '00000000-0000-0000-0000-000000000000'
    ),
    (
        '82b85c5d-7229-4382-8030-056e6fba57e8',
        '2024-06-15 22:26:55.081603',
        '2024-06-15 22:26:55.40002',
        '00000000-0000-0000-0000-000000000000',
        '00000000-0000-0000-0000-000000000000'
    ),
    (
        '18f63ed2-895e-4c66-96b1-24c4912a7f74',
        '2024-06-15 22:26:56.060005',
        '2024-06-15 22:26:56.060005',
        '6cd3c8e4-06bf-4991-a66c-9f125f2d9d3c',
        '6cd3c8e4-06bf-4991-a66c-9f125f2d9d3c'
    ),
    (
        'cbf13713-6734-46e1-8736-46ea801b3f16',
        '2024-06-15 22:26:56.07895',
        '2024-06-15 22:26:56.07895',
        '6cd3c8e4-06bf-4991-a66c-9f125f2d9d3c',
        '6cd3c8e4-06bf-4991-a66c-9f125f2d9d3c'
    ),
    (
        '2bbdd50a-7588-4da4-9d62-40ee4ca53930',
        '2024-06-15 22:26:56.081101',
        '2024-06-15 22:26:56.081101',
        '6cd3c8e4-06bf-4991-a66c-9f125f2d9d3c',
        '6cd3c8e4-06bf-4991-a66c-9f125f2d9d3c'
    ),
    (
        '8ff29120-5598-4246-b453-406ff397bc18',
        '2024-06-15 22:26:56.1035',
        '2024-06-15 22:26:56.1035',
        '6cd3c8e4-06bf-4991-a66c-9f125f2d9d3c',
        '6cd3c8e4-06bf-4991-a66c-9f125f2d9d3c'
    ),
    (
        '5a111ef6-eba2-4f01-9f5d-bc31d9014ea8',
        '2024-06-15 22:26:56.121447',
        '2024-06-15 22:26:56.121447',
        '6cd3c8e4-06bf-4991-a66c-9f125f2d9d3c',
        '6cd3c8e4-06bf-4991-a66c-9f125f2d9d3c'
    ),
    (
        '7bb3c609-1187-4362-9827-51344f46569f',
        '2024-06-15 22:26:56.122314',
        '2024-06-15 22:26:56.122314',
        '6cd3c8e4-06bf-4991-a66c-9f125f2d9d3c',
        '6cd3c8e4-06bf-4991-a66c-9f125f2d9d3c'
    ),
    (
        '2abfecbc-a019-49ce-be7f-4fbceb89869f',
        '2024-06-15 22:26:56.142714',
        '2024-06-15 22:26:56.142714',
        '6cd3c8e4-06bf-4991-a66c-9f125f2d9d3c',
        '6cd3c8e4-06bf-4991-a66c-9f125f2d9d3c'
    ),
    (
        '17a4e748-442a-4dd7-ae19-5dedef233658',
        '2024-06-15 22:26:56.160878',
        '2024-06-15 22:26:56.160878',
        '6cd3c8e4-06bf-4991-a66c-9f125f2d9d3c',
        '6cd3c8e4-06bf-4991-a66c-9f125f2d9d3c'
    ),
    (
        'ae80a278-61d7-4c1b-a6ce-0b40b11d646a',
        '2024-06-15 22:26:56.162526',
        '2024-06-15 22:26:56.162526',
        '6cd3c8e4-06bf-4991-a66c-9f125f2d9d3c',
        '6cd3c8e4-06bf-4991-a66c-9f125f2d9d3c'
    ),
    (
        'c8c58eb6-d05e-4eda-b796-271604415ef2',
        '2024-06-15 22:26:56.183974',
        '2024-06-15 22:26:56.183974',
        '6cd3c8e4-06bf-4991-a66c-9f125f2d9d3c',
        '6cd3c8e4-06bf-4991-a66c-9f125f2d9d3c'
    ),
    (
        '5881b755-5de8-4047-8a8f-cacc30af9461',
        '2024-06-15 22:26:56.202246',
        '2024-06-15 22:26:56.202246',
        '6cd3c8e4-06bf-4991-a66c-9f125f2d9d3c',
        '6cd3c8e4-06bf-4991-a66c-9f125f2d9d3c'
    ),
    (
        '1c3937c8-05c4-44df-bfa0-ad64ed8f17b6',
        '2024-06-15 22:26:56.203025',
        '2024-06-15 22:26:56.203025',
        '6cd3c8e4-06bf-4991-a66c-9f125f2d9d3c',
        '6cd3c8e4-06bf-4991-a66c-9f125f2d9d3c'
    ),
    (
        'cbe8fdbf-03d7-4038-8c8a-debdc497a6d6',
        '2024-06-15 22:26:56.225742',
        '2024-06-15 22:26:56.225742',
        '6cd3c8e4-06bf-4991-a66c-9f125f2d9d3c',
        '6cd3c8e4-06bf-4991-a66c-9f125f2d9d3c'
    ),
    (
        '2993b22f-4593-4ba4-8a3a-f077f806ef37',
        '2024-06-15 22:26:56.24283',
        '2024-06-15 22:26:56.24283',
        '6cd3c8e4-06bf-4991-a66c-9f125f2d9d3c',
        '6cd3c8e4-06bf-4991-a66c-9f125f2d9d3c'
    ),
    (
        '2bd3382f-ed7c-4dae-9ff9-34a543009cba',
        '2024-06-15 22:26:56.244126',
        '2024-06-15 22:26:56.244126',
        '6cd3c8e4-06bf-4991-a66c-9f125f2d9d3c',
        '6cd3c8e4-06bf-4991-a66c-9f125f2d9d3c'
    ),
    (
        '50ea7e21-268c-4b8b-8b31-e4b57d7a6562',
        '2024-06-15 22:26:56.265936',
        '2024-06-15 22:26:56.265936',
        '6cd3c8e4-06bf-4991-a66c-9f125f2d9d3c',
        '6cd3c8e4-06bf-4991-a66c-9f125f2d9d3c'
    ),
    (
        '34ec6754-7b4e-4aa1-9ac6-9f8146516e7c',
        '2024-06-15 22:26:56.293686',
        '2024-06-15 22:26:56.293686',
        '6cd3c8e4-06bf-4991-a66c-9f125f2d9d3c',
        '6cd3c8e4-06bf-4991-a66c-9f125f2d9d3c'
    ),
    (
        'eb0f1ad0-be64-469e-91ad-bf771d3cd07f',
        '2024-06-15 22:26:56.294521',
        '2024-06-15 22:26:56.294521',
        '6cd3c8e4-06bf-4991-a66c-9f125f2d9d3c',
        '6cd3c8e4-06bf-4991-a66c-9f125f2d9d3c'
    ),
    (
        '8fad06cd-9eb2-4869-9c12-308974bf3089',
        '2024-06-15 22:26:56.330968',
        '2024-06-15 22:26:56.330968',
        '6cd3c8e4-06bf-4991-a66c-9f125f2d9d3c',
        '6cd3c8e4-06bf-4991-a66c-9f125f2d9d3c'
    ),
    (
        '03bf33c5-3db0-486e-9462-de84a27fec2a',
        '2024-06-15 22:26:56.35416',
        '2024-06-15 22:26:56.35416',
        '6cd3c8e4-06bf-4991-a66c-9f125f2d9d3c',
        '6cd3c8e4-06bf-4991-a66c-9f125f2d9d3c'
    ),
    (
        'b985dc95-9b85-440b-a6f7-379a181801d6',
        '2024-06-15 22:26:56.355095',
        '2024-06-15 22:26:56.355095',
        '6cd3c8e4-06bf-4991-a66c-9f125f2d9d3c',
        '6cd3c8e4-06bf-4991-a66c-9f125f2d9d3c'
    ),
    (
        '77142437-c7a7-4b3d-a5f8-c6b9191e4680',
        '2024-06-15 22:26:56.374247',
        '2024-06-15 22:26:56.374247',
        '6cd3c8e4-06bf-4991-a66c-9f125f2d9d3c',
        '6cd3c8e4-06bf-4991-a66c-9f125f2d9d3c'
    ),
    (
        'd052af85-45d1-4e84-af85-e00f82e0cbe6',
        '2024-06-15 22:26:56.395867',
        '2024-06-15 22:26:56.395867',
        '6cd3c8e4-06bf-4991-a66c-9f125f2d9d3c',
        '6cd3c8e4-06bf-4991-a66c-9f125f2d9d3c'
    ),
    (
        '086eecf5-a66e-48c0-96c1-1cc94df77883',
        '2024-06-15 22:26:56.396965',
        '2024-06-15 22:26:56.396965',
        '6cd3c8e4-06bf-4991-a66c-9f125f2d9d3c',
        '6cd3c8e4-06bf-4991-a66c-9f125f2d9d3c'
    ),
    (
        '1a94a8a7-4a5c-4114-9ede-cbf3d566f390',
        '2024-06-15 22:26:56.416045',
        '2024-06-15 22:26:56.416045',
        '6cd3c8e4-06bf-4991-a66c-9f125f2d9d3c',
        '6cd3c8e4-06bf-4991-a66c-9f125f2d9d3c'
    ),
    (
        '38eed28a-5e28-4224-84ff-e3e4dec4cb03',
        '2024-06-15 22:26:56.432123',
        '2024-06-15 22:26:56.432123',
        '6cd3c8e4-06bf-4991-a66c-9f125f2d9d3c',
        '6cd3c8e4-06bf-4991-a66c-9f125f2d9d3c'
    ),
    (
        'b30eea46-a596-4d00-a210-91b170c278e0',
        '2024-06-15 22:26:56.433327',
        '2024-06-15 22:26:56.433327',
        '6cd3c8e4-06bf-4991-a66c-9f125f2d9d3c',
        '6cd3c8e4-06bf-4991-a66c-9f125f2d9d3c'
    ),
    (
        '03f2628b-bbe2-4e1d-8d17-19ff8eb38fc6',
        '2024-06-15 22:26:56.765496',
        '2024-06-15 22:26:56.765496',
        'a5734b79-09be-4b98-9af1-28c39a95b5d4',
        'a5734b79-09be-4b98-9af1-28c39a95b5d4'
    ),
    (
        '1828d50b-fe06-4cd6-b20c-6c62b5511542',
        '2024-06-15 22:26:56.785951',
        '2024-06-15 22:26:56.785951',
        'a5734b79-09be-4b98-9af1-28c39a95b5d4',
        'a5734b79-09be-4b98-9af1-28c39a95b5d4'
    ),
    (
        '5f621101-f3ee-4abb-88e4-72f2b531c0c3',
        '2024-06-15 22:26:56.786752',
        '2024-06-15 22:26:56.786752',
        'a5734b79-09be-4b98-9af1-28c39a95b5d4',
        'a5734b79-09be-4b98-9af1-28c39a95b5d4'
    ),
    (
        '25d15a84-cc92-42a6-af15-3ed76a8a2640',
        '2024-06-15 22:26:56.808042',
        '2024-06-15 22:26:56.808042',
        'a5734b79-09be-4b98-9af1-28c39a95b5d4',
        'a5734b79-09be-4b98-9af1-28c39a95b5d4'
    ),
    (
        '6e300e56-14ae-47ca-9950-3c615c088ce6',
        '2024-06-15 22:26:56.822679',
        '2024-06-15 22:26:56.822679',
        'a5734b79-09be-4b98-9af1-28c39a95b5d4',
        'a5734b79-09be-4b98-9af1-28c39a95b5d4'
    ),
    (
        '65bf950c-64fc-43ec-9aa9-d61133b10d01',
        '2024-06-15 22:26:56.823523',
        '2024-06-15 22:26:56.823523',
        'a5734b79-09be-4b98-9af1-28c39a95b5d4',
        'a5734b79-09be-4b98-9af1-28c39a95b5d4'
    ),
    (
        'c8df1eea-27cd-4ab0-b38a-f01d2f8cae04',
        '2024-06-15 22:26:56.842692',
        '2024-06-15 22:26:56.842692',
        'a5734b79-09be-4b98-9af1-28c39a95b5d4',
        'a5734b79-09be-4b98-9af1-28c39a95b5d4'
    ),
    (
        'ddd3b79c-854c-4a77-90f1-07623a718d41',
        '2024-06-15 22:26:56.857796',
        '2024-06-15 22:26:56.857796',
        'a5734b79-09be-4b98-9af1-28c39a95b5d4',
        'a5734b79-09be-4b98-9af1-28c39a95b5d4'
    ),
    (
        '8d4674e0-c602-49b9-8c4f-2f1029fe2cb8',
        '2024-06-15 22:26:56.859142',
        '2024-06-15 22:26:56.859142',
        'a5734b79-09be-4b98-9af1-28c39a95b5d4',
        'a5734b79-09be-4b98-9af1-28c39a95b5d4'
    ),
    (
        'e132c6b5-39d2-4b8a-961f-9c1e4a802a7d',
        '2024-06-15 22:26:56.879675',
        '2024-06-15 22:26:56.879675',
        'a5734b79-09be-4b98-9af1-28c39a95b5d4',
        'a5734b79-09be-4b98-9af1-28c39a95b5d4'
    ),
    (
        'fd5e80a9-9099-4b36-ac0e-0dd39ba40440',
        '2024-06-15 22:26:56.895626',
        '2024-06-15 22:26:56.895626',
        'a5734b79-09be-4b98-9af1-28c39a95b5d4',
        'a5734b79-09be-4b98-9af1-28c39a95b5d4'
    ),
    (
        '5052608e-3233-442b-a240-56bf11578e1d',
        '2024-06-15 22:26:56.896811',
        '2024-06-15 22:26:56.896811',
        'a5734b79-09be-4b98-9af1-28c39a95b5d4',
        'a5734b79-09be-4b98-9af1-28c39a95b5d4'
    ),
    (
        '5ce434f9-c777-484c-a4a3-9ce83834ee29',
        '2024-06-15 22:26:56.917731',
        '2024-06-15 22:26:56.917731',
        'a5734b79-09be-4b98-9af1-28c39a95b5d4',
        'a5734b79-09be-4b98-9af1-28c39a95b5d4'
    ),
    (
        '347bbf2c-3767-4fe5-9168-279032065e37',
        '2024-06-15 22:26:56.937461',
        '2024-06-15 22:26:56.937461',
        'a5734b79-09be-4b98-9af1-28c39a95b5d4',
        'a5734b79-09be-4b98-9af1-28c39a95b5d4'
    ),
    (
        'fd199b9f-276b-4ec6-b908-642d90aa5b0e',
        '2024-06-15 22:26:56.938791',
        '2024-06-15 22:26:56.938791',
        'a5734b79-09be-4b98-9af1-28c39a95b5d4',
        'a5734b79-09be-4b98-9af1-28c39a95b5d4'
    ),
    (
        '6d2d3910-2508-47af-8e06-00996f9a502e',
        '2024-06-15 22:26:56.96133',
        '2024-06-15 22:26:56.96133',
        'a5734b79-09be-4b98-9af1-28c39a95b5d4',
        'a5734b79-09be-4b98-9af1-28c39a95b5d4'
    ),
    (
        'aa4f93fe-f241-4619-b276-221865cea5f3',
        '2024-06-15 22:26:56.982621',
        '2024-06-15 22:26:56.982621',
        'a5734b79-09be-4b98-9af1-28c39a95b5d4',
        'a5734b79-09be-4b98-9af1-28c39a95b5d4'
    ),
    (
        '956980f2-9520-4269-b203-945a57273957',
        '2024-06-15 22:26:56.984795',
        '2024-06-15 22:26:56.984795',
        'a5734b79-09be-4b98-9af1-28c39a95b5d4',
        'a5734b79-09be-4b98-9af1-28c39a95b5d4'
    ),
    (
        '64999c46-bf78-4730-8469-0b2189355d78',
        '2024-06-15 22:26:57.014893',
        '2024-06-15 22:26:57.014893',
        'a5734b79-09be-4b98-9af1-28c39a95b5d4',
        'a5734b79-09be-4b98-9af1-28c39a95b5d4'
    ),
    (
        '45b4bc3d-c3df-4883-9737-b86c2c54811d',
        '2024-06-15 22:26:57.037004',
        '2024-06-15 22:26:57.037004',
        'a5734b79-09be-4b98-9af1-28c39a95b5d4',
        'a5734b79-09be-4b98-9af1-28c39a95b5d4'
    ),
    (
        'd29c56f7-2846-4ae4-881e-9164fb69ebce',
        '2024-06-15 22:26:57.03981',
        '2024-06-15 22:26:57.03981',
        'a5734b79-09be-4b98-9af1-28c39a95b5d4',
        'a5734b79-09be-4b98-9af1-28c39a95b5d4'
    ),
    (
        'ad8fd5f9-f2c5-415e-8887-ec16955aad32',
        '2024-06-15 22:26:57.082666',
        '2024-06-15 22:26:57.082666',
        'a5734b79-09be-4b98-9af1-28c39a95b5d4',
        'a5734b79-09be-4b98-9af1-28c39a95b5d4'
    ),
    (
        '5edb02fe-6fdf-4a6f-a718-a5422169cdd4',
        '2024-06-15 22:26:57.083454',
        '2024-06-15 22:26:57.083454',
        'a5734b79-09be-4b98-9af1-28c39a95b5d4',
        'a5734b79-09be-4b98-9af1-28c39a95b5d4'
    ),
    (
        '88dd65bc-c572-4b1b-8eba-117f52b19ccf',
        '2024-06-15 22:26:57.102318',
        '2024-06-15 22:26:57.102318',
        'a5734b79-09be-4b98-9af1-28c39a95b5d4',
        'a5734b79-09be-4b98-9af1-28c39a95b5d4'
    ),
    (
        'a7ed12fb-0b88-4b1f-90f4-542ad77e9e52',
        '2024-06-15 22:26:57.118952',
        '2024-06-15 22:26:57.118952',
        'a5734b79-09be-4b98-9af1-28c39a95b5d4',
        'a5734b79-09be-4b98-9af1-28c39a95b5d4'
    ),
    (
        '0d546468-c9fc-44a1-9bcf-36cebd2525bc',
        '2024-06-15 22:26:57.120149',
        '2024-06-15 22:26:57.120149',
        'a5734b79-09be-4b98-9af1-28c39a95b5d4',
        'a5734b79-09be-4b98-9af1-28c39a95b5d4'
    );
INSERT INTO
    participants (id, avatar_url, slug)
VALUES
    (
        '6cd3c8e4-06bf-4991-a66c-9f125f2d9d3c',
        'https://i.pravatar.cc/150?u=384440328',
        'alice-testson-386786'
    ),
    (
        'a5734b79-09be-4b98-9af1-28c39a95b5d4',
        'https://i.pravatar.cc/150?u=-1934733379',
        'bob-testson-217229'
    ),
    (
        '9ff72fd8-5f1e-4b88-a008-d9bb0eb7a543',
        'https://i.pravatar.cc/150?u=1269475513',
        'carol-testson-36906'
    ),
    (
        '5d1c4492-e789-4cc1-b37f-9674e929e8d0',
        'https://i.pravatar.cc/150?u=1368961972',
        'dave-testson-326267'
    ),
    (
        'c23bbb66-2f62-4d13-8ab7-89f5d46f7c12',
        'https://i.pravatar.cc/150?u=-1831197348',
        'eve-testson-688303'
    ),
    (
        '768d46f6-6fdc-4de6-81cd-a9543104818f',
        'https://i.pravatar.cc/150?u=-195541270',
        'mallory-testson-325328'
    ),
    (
        'd81b9a5e-500c-4d21-b99d-cb53e28996ee',
        'https://i.pravatar.cc/150?u=-1548212299',
        'trent-testson-895470'
    ),
    (
        '73e53011-71a3-4652-968a-520ea91bdc84',
        'https://i.pravatar.cc/150?u=-386363144',
        'oscar-testson-435376'
    ),
    (
        'fc26f423-d270-41f3-bc6c-253ec2174e75',
        'https://i.pravatar.cc/150?u=467524876',
        'peggy-testson-466046'
    ),
    (
        '82b85c5d-7229-4382-8030-056e6fba57e8',
        'https://i.pravatar.cc/150?u=1540377231',
        'victor-testson-856927'
    );
INSERT INTO
    users (
        id,
        email_validated,
        auth_id,
        email,
        first_name,
        last_name,
        password_hash,
        role
    )
VALUES
    (
        '6cd3c8e4-06bf-4991-a66c-9f125f2d9d3c',
        TRUE,
        NULL,
        'alice@cirkle.test',
        'Alice',
        'Testson',
        '$2a$12$pvo7Z7PdB3i9JLVylzfGouhKjinwQJX8ERmDT9sz7Ki4kFj6xWbr6',
        'USER'
    ),
    (
        'a5734b79-09be-4b98-9af1-28c39a95b5d4',
        TRUE,
        NULL,
        'bob@cirkle.test',
        'Bob',
        'Testson',
        '$2a$12$WRCgPkzmzcwgERXp./GiKuIbG0WQXmdqna7Q5XYLq6fCz7RJOzBfK',
        'USER'
    ),
    (
        '9ff72fd8-5f1e-4b88-a008-d9bb0eb7a543',
        TRUE,
        NULL,
        'carol@cirkle.test',
        'Carol',
        'Testson',
        '$2a$12$Gz2OgaERmQjEGmqOIPc0H.jEWndVx8AuI91IYHjhu4KRQIdDuZzlq',
        'USER'
    ),
    (
        '5d1c4492-e789-4cc1-b37f-9674e929e8d0',
        TRUE,
        NULL,
        'dave@cirkle.test',
        'Dave',
        'Testson',
        '$2a$12$apmJ4Rnyd/ujNBBiY0lZPu.SBbo7fcIDBXHVgGI8Rvjarx/mWjCHS',
        'USER'
    ),
    (
        'c23bbb66-2f62-4d13-8ab7-89f5d46f7c12',
        TRUE,
        NULL,
        'eve@cirkle.test',
        'Eve',
        'Testson',
        '$2a$12$kUx6Ub6K7HcgDTSbMbYjLuMg2TMiPC0GNPVJh48dVt1ptUfWbgcre',
        'USER'
    ),
    (
        '768d46f6-6fdc-4de6-81cd-a9543104818f',
        TRUE,
        NULL,
        'mallory@cirkle.test',
        'Mallory',
        'Testson',
        '$2a$12$Draa7cMduw.bxW7aHp7Bl.LaSJsiJIAkpBIVBZJWBcPfC2b/ZBeHG',
        'USER'
    ),
    (
        'd81b9a5e-500c-4d21-b99d-cb53e28996ee',
        TRUE,
        NULL,
        'trent@cirkle.test',
        'Trent',
        'Testson',
        '$2a$12$jmCE2IF7X2vsDWOA1Fi7zevnMvjWeKyHNtld.b1ieWFhQQ/aS1tQq',
        'USER'
    ),
    (
        '73e53011-71a3-4652-968a-520ea91bdc84',
        TRUE,
        NULL,
        'oscar@cirkle.test',
        'Oscar',
        'Testson',
        '$2a$12$0DvZU1oy8m1r837CzYB5c.Mp1GCIqDv0B7Tp8fZg.lcSAYPJTnrby',
        'USER'
    ),
    (
        'fc26f423-d270-41f3-bc6c-253ec2174e75',
        TRUE,
        NULL,
        'peggy@cirkle.test',
        'Peggy',
        'Testson',
        '$2a$12$4/Lzf88N7YIN040vFUT.sO7eftxNX8rE7.SmMtvd.Xqxo46w6cs4G',
        'USER'
    ),
    (
        '82b85c5d-7229-4382-8030-056e6fba57e8',
        TRUE,
        NULL,
        'victor@cirkle.test',
        'Victor',
        'Testson',
        '$2a$12$RaFdimqKJ.VJSICByu7.PuhJ41aRFtxFNMjbnJMyOOpyOt2pXe3jS',
        'USER'
    );
INSERT INTO
    relations (id, owner_id, related_id, type)
VALUES
    (
        'cbf13713-6734-46e1-8736-46ea801b3f16',
        '6cd3c8e4-06bf-4991-a66c-9f125f2d9d3c',
        '82b85c5d-7229-4382-8030-056e6fba57e8',
        'FOLLOWED'
    ),
    (
        '2bbdd50a-7588-4da4-9d62-40ee4ca53930',
        '82b85c5d-7229-4382-8030-056e6fba57e8',
        '6cd3c8e4-06bf-4991-a66c-9f125f2d9d3c',
        'FOLLOWER'
    ),
    (
        '5a111ef6-eba2-4f01-9f5d-bc31d9014ea8',
        '6cd3c8e4-06bf-4991-a66c-9f125f2d9d3c',
        'fc26f423-d270-41f3-bc6c-253ec2174e75',
        'FOLLOWED'
    ),
    (
        '7bb3c609-1187-4362-9827-51344f46569f',
        'fc26f423-d270-41f3-bc6c-253ec2174e75',
        '6cd3c8e4-06bf-4991-a66c-9f125f2d9d3c',
        'FOLLOWER'
    ),
    (
        '17a4e748-442a-4dd7-ae19-5dedef233658',
        '6cd3c8e4-06bf-4991-a66c-9f125f2d9d3c',
        'a5734b79-09be-4b98-9af1-28c39a95b5d4',
        'FOLLOWED'
    ),
    (
        'ae80a278-61d7-4c1b-a6ce-0b40b11d646a',
        'a5734b79-09be-4b98-9af1-28c39a95b5d4',
        '6cd3c8e4-06bf-4991-a66c-9f125f2d9d3c',
        'FOLLOWER'
    ),
    (
        '5881b755-5de8-4047-8a8f-cacc30af9461',
        '6cd3c8e4-06bf-4991-a66c-9f125f2d9d3c',
        'c23bbb66-2f62-4d13-8ab7-89f5d46f7c12',
        'FOLLOWED'
    ),
    (
        '1c3937c8-05c4-44df-bfa0-ad64ed8f17b6',
        'c23bbb66-2f62-4d13-8ab7-89f5d46f7c12',
        '6cd3c8e4-06bf-4991-a66c-9f125f2d9d3c',
        'FOLLOWER'
    ),
    (
        '2993b22f-4593-4ba4-8a3a-f077f806ef37',
        '6cd3c8e4-06bf-4991-a66c-9f125f2d9d3c',
        '768d46f6-6fdc-4de6-81cd-a9543104818f',
        'FOLLOWED'
    ),
    (
        '2bd3382f-ed7c-4dae-9ff9-34a543009cba',
        '768d46f6-6fdc-4de6-81cd-a9543104818f',
        '6cd3c8e4-06bf-4991-a66c-9f125f2d9d3c',
        'FOLLOWER'
    ),
    (
        '34ec6754-7b4e-4aa1-9ac6-9f8146516e7c',
        '6cd3c8e4-06bf-4991-a66c-9f125f2d9d3c',
        'd81b9a5e-500c-4d21-b99d-cb53e28996ee',
        'FOLLOWED'
    ),
    (
        'eb0f1ad0-be64-469e-91ad-bf771d3cd07f',
        'd81b9a5e-500c-4d21-b99d-cb53e28996ee',
        '6cd3c8e4-06bf-4991-a66c-9f125f2d9d3c',
        'FOLLOWER'
    ),
    (
        '03bf33c5-3db0-486e-9462-de84a27fec2a',
        '6cd3c8e4-06bf-4991-a66c-9f125f2d9d3c',
        '9ff72fd8-5f1e-4b88-a008-d9bb0eb7a543',
        'FOLLOWED'
    ),
    (
        'b985dc95-9b85-440b-a6f7-379a181801d6',
        '9ff72fd8-5f1e-4b88-a008-d9bb0eb7a543',
        '6cd3c8e4-06bf-4991-a66c-9f125f2d9d3c',
        'FOLLOWER'
    ),
    (
        'd052af85-45d1-4e84-af85-e00f82e0cbe6',
        '6cd3c8e4-06bf-4991-a66c-9f125f2d9d3c',
        '5d1c4492-e789-4cc1-b37f-9674e929e8d0',
        'FOLLOWED'
    ),
    (
        '086eecf5-a66e-48c0-96c1-1cc94df77883',
        '5d1c4492-e789-4cc1-b37f-9674e929e8d0',
        '6cd3c8e4-06bf-4991-a66c-9f125f2d9d3c',
        'FOLLOWER'
    ),
    (
        '38eed28a-5e28-4224-84ff-e3e4dec4cb03',
        '6cd3c8e4-06bf-4991-a66c-9f125f2d9d3c',
        '73e53011-71a3-4652-968a-520ea91bdc84',
        'FOLLOWED'
    ),
    (
        'b30eea46-a596-4d00-a210-91b170c278e0',
        '73e53011-71a3-4652-968a-520ea91bdc84',
        '6cd3c8e4-06bf-4991-a66c-9f125f2d9d3c',
        'FOLLOWER'
    ),
    (
        '1828d50b-fe06-4cd6-b20c-6c62b5511542',
        'a5734b79-09be-4b98-9af1-28c39a95b5d4',
        '82b85c5d-7229-4382-8030-056e6fba57e8',
        'FOLLOWED'
    ),
    (
        '5f621101-f3ee-4abb-88e4-72f2b531c0c3',
        '82b85c5d-7229-4382-8030-056e6fba57e8',
        'a5734b79-09be-4b98-9af1-28c39a95b5d4',
        'FOLLOWER'
    ),
    (
        '6e300e56-14ae-47ca-9950-3c615c088ce6',
        'a5734b79-09be-4b98-9af1-28c39a95b5d4',
        'fc26f423-d270-41f3-bc6c-253ec2174e75',
        'FOLLOWED'
    ),
    (
        '65bf950c-64fc-43ec-9aa9-d61133b10d01',
        'fc26f423-d270-41f3-bc6c-253ec2174e75',
        'a5734b79-09be-4b98-9af1-28c39a95b5d4',
        'FOLLOWER'
    ),
    (
        'ddd3b79c-854c-4a77-90f1-07623a718d41',
        'a5734b79-09be-4b98-9af1-28c39a95b5d4',
        'c23bbb66-2f62-4d13-8ab7-89f5d46f7c12',
        'FOLLOWED'
    ),
    (
        '8d4674e0-c602-49b9-8c4f-2f1029fe2cb8',
        'c23bbb66-2f62-4d13-8ab7-89f5d46f7c12',
        'a5734b79-09be-4b98-9af1-28c39a95b5d4',
        'FOLLOWER'
    ),
    (
        'fd5e80a9-9099-4b36-ac0e-0dd39ba40440',
        'a5734b79-09be-4b98-9af1-28c39a95b5d4',
        '6cd3c8e4-06bf-4991-a66c-9f125f2d9d3c',
        'FOLLOWED'
    ),
    (
        '5052608e-3233-442b-a240-56bf11578e1d',
        '6cd3c8e4-06bf-4991-a66c-9f125f2d9d3c',
        'a5734b79-09be-4b98-9af1-28c39a95b5d4',
        'FOLLOWER'
    ),
    (
        '347bbf2c-3767-4fe5-9168-279032065e37',
        'a5734b79-09be-4b98-9af1-28c39a95b5d4',
        '768d46f6-6fdc-4de6-81cd-a9543104818f',
        'FOLLOWED'
    ),
    (
        'fd199b9f-276b-4ec6-b908-642d90aa5b0e',
        '768d46f6-6fdc-4de6-81cd-a9543104818f',
        'a5734b79-09be-4b98-9af1-28c39a95b5d4',
        'FOLLOWER'
    ),
    (
        'aa4f93fe-f241-4619-b276-221865cea5f3',
        'a5734b79-09be-4b98-9af1-28c39a95b5d4',
        'd81b9a5e-500c-4d21-b99d-cb53e28996ee',
        'FOLLOWED'
    ),
    (
        '956980f2-9520-4269-b203-945a57273957',
        'd81b9a5e-500c-4d21-b99d-cb53e28996ee',
        'a5734b79-09be-4b98-9af1-28c39a95b5d4',
        'FOLLOWER'
    ),
    (
        '45b4bc3d-c3df-4883-9737-b86c2c54811d',
        'a5734b79-09be-4b98-9af1-28c39a95b5d4',
        '9ff72fd8-5f1e-4b88-a008-d9bb0eb7a543',
        'FOLLOWED'
    ),
    (
        'd29c56f7-2846-4ae4-881e-9164fb69ebce',
        '9ff72fd8-5f1e-4b88-a008-d9bb0eb7a543',
        'a5734b79-09be-4b98-9af1-28c39a95b5d4',
        'FOLLOWER'
    ),
    (
        'ad8fd5f9-f2c5-415e-8887-ec16955aad32',
        'a5734b79-09be-4b98-9af1-28c39a95b5d4',
        '5d1c4492-e789-4cc1-b37f-9674e929e8d0',
        'FOLLOWED'
    ),
    (
        '5edb02fe-6fdf-4a6f-a718-a5422169cdd4',
        '5d1c4492-e789-4cc1-b37f-9674e929e8d0',
        'a5734b79-09be-4b98-9af1-28c39a95b5d4',
        'FOLLOWER'
    ),
    (
        'a7ed12fb-0b88-4b1f-90f4-542ad77e9e52',
        'a5734b79-09be-4b98-9af1-28c39a95b5d4',
        '73e53011-71a3-4652-968a-520ea91bdc84',
        'FOLLOWED'
    ),
    (
        '0d546468-c9fc-44a1-9bcf-36cebd2525bc',
        '73e53011-71a3-4652-968a-520ea91bdc84',
        'a5734b79-09be-4b98-9af1-28c39a95b5d4',
        'FOLLOWER'
    );
INSERT INTO
    relation_requests (id, initiator_id, target_id, type)
VALUES
    (
        '18f63ed2-895e-4c66-96b1-24c4912a7f74',
        '6cd3c8e4-06bf-4991-a66c-9f125f2d9d3c',
        '82b85c5d-7229-4382-8030-056e6fba57e8',
        'FRIEND'
    ),
    (
        '8ff29120-5598-4246-b453-406ff397bc18',
        '6cd3c8e4-06bf-4991-a66c-9f125f2d9d3c',
        'fc26f423-d270-41f3-bc6c-253ec2174e75',
        'FRIEND'
    ),
    (
        '2abfecbc-a019-49ce-be7f-4fbceb89869f',
        '6cd3c8e4-06bf-4991-a66c-9f125f2d9d3c',
        'a5734b79-09be-4b98-9af1-28c39a95b5d4',
        'FRIEND'
    ),
    (
        'c8c58eb6-d05e-4eda-b796-271604415ef2',
        '6cd3c8e4-06bf-4991-a66c-9f125f2d9d3c',
        'c23bbb66-2f62-4d13-8ab7-89f5d46f7c12',
        'FRIEND'
    ),
    (
        'cbe8fdbf-03d7-4038-8c8a-debdc497a6d6',
        '6cd3c8e4-06bf-4991-a66c-9f125f2d9d3c',
        '768d46f6-6fdc-4de6-81cd-a9543104818f',
        'FRIEND'
    ),
    (
        '50ea7e21-268c-4b8b-8b31-e4b57d7a6562',
        '6cd3c8e4-06bf-4991-a66c-9f125f2d9d3c',
        'd81b9a5e-500c-4d21-b99d-cb53e28996ee',
        'FRIEND'
    ),
    (
        '8fad06cd-9eb2-4869-9c12-308974bf3089',
        '6cd3c8e4-06bf-4991-a66c-9f125f2d9d3c',
        '9ff72fd8-5f1e-4b88-a008-d9bb0eb7a543',
        'FRIEND'
    ),
    (
        '77142437-c7a7-4b3d-a5f8-c6b9191e4680',
        '6cd3c8e4-06bf-4991-a66c-9f125f2d9d3c',
        '5d1c4492-e789-4cc1-b37f-9674e929e8d0',
        'FRIEND'
    ),
    (
        '1a94a8a7-4a5c-4114-9ede-cbf3d566f390',
        '6cd3c8e4-06bf-4991-a66c-9f125f2d9d3c',
        '73e53011-71a3-4652-968a-520ea91bdc84',
        'FRIEND'
    ),
    (
        '03f2628b-bbe2-4e1d-8d17-19ff8eb38fc6',
        'a5734b79-09be-4b98-9af1-28c39a95b5d4',
        '82b85c5d-7229-4382-8030-056e6fba57e8',
        'FRIEND'
    ),
    (
        '25d15a84-cc92-42a6-af15-3ed76a8a2640',
        'a5734b79-09be-4b98-9af1-28c39a95b5d4',
        'fc26f423-d270-41f3-bc6c-253ec2174e75',
        'FRIEND'
    ),
    (
        'c8df1eea-27cd-4ab0-b38a-f01d2f8cae04',
        'a5734b79-09be-4b98-9af1-28c39a95b5d4',
        'c23bbb66-2f62-4d13-8ab7-89f5d46f7c12',
        'FRIEND'
    ),
    (
        'e132c6b5-39d2-4b8a-961f-9c1e4a802a7d',
        'a5734b79-09be-4b98-9af1-28c39a95b5d4',
        '6cd3c8e4-06bf-4991-a66c-9f125f2d9d3c',
        'FRIEND'
    ),
    (
        '5ce434f9-c777-484c-a4a3-9ce83834ee29',
        'a5734b79-09be-4b98-9af1-28c39a95b5d4',
        '768d46f6-6fdc-4de6-81cd-a9543104818f',
        'FRIEND'
    ),
    (
        '6d2d3910-2508-47af-8e06-00996f9a502e',
        'a5734b79-09be-4b98-9af1-28c39a95b5d4',
        'd81b9a5e-500c-4d21-b99d-cb53e28996ee',
        'FRIEND'
    ),
    (
        '64999c46-bf78-4730-8469-0b2189355d78',
        'a5734b79-09be-4b98-9af1-28c39a95b5d4',
        '9ff72fd8-5f1e-4b88-a008-d9bb0eb7a543',
        'FRIEND'
    ),
    (
        '57efa801-3b27-4433-ba3d-5a467ed67162',
        'a5734b79-09be-4b98-9af1-28c39a95b5d4',
        '5d1c4492-e789-4cc1-b37f-9674e929e8d0',
        'FRIEND'
    ),
    (
        '88dd65bc-c572-4b1b-8eba-117f52b19ccf',
        'a5734b79-09be-4b98-9af1-28c39a95b5d4',
        '73e53011-71a3-4652-968a-520ea91bdc84',
        'FRIEND'
    );