INSERT INTO
    objects (
        id,
        created_at,
        updated_at,
        created_by,
        updated_by,
        entity_type
    )
VALUES
    (
        '01da64da-908d-41f0-9b93-25114739cfa0',
        '2024-06-30 14:30:49.09748',
        '2024-06-30 14:30:49.09748',
        'd4e88fa2-c8fc-4669-ab53-7de6410b0671',
        'd4e88fa2-c8fc-4669-ab53-7de6410b0671',
        'Relation'
    ),
    (
        'edb16423-678d-47ef-8d4f-44f88f35337d',
        '2024-06-30 14:30:40.95364',
        '2024-06-30 14:30:41.308533',
        '00000000-0000-0000-0000-000000000000',
        '00000000-0000-0000-0000-000000000000',
        'USER'
    ),
    (
        'd4e88fa2-c8fc-4669-ab53-7de6410b0671',
        '2024-06-30 14:30:41.686423',
        '2024-06-30 14:30:42.003147',
        '00000000-0000-0000-0000-000000000000',
        '00000000-0000-0000-0000-000000000000',
        'USER'
    ),
    (
        '59600559-bb3c-45ee-9c2d-716c684edcc2',
        '2024-06-30 14:30:42.343146',
        '2024-06-30 14:30:42.653939',
        '00000000-0000-0000-0000-000000000000',
        '00000000-0000-0000-0000-000000000000',
        'USER'
    ),
    (
        '93e04475-7120-4a7f-bf97-c057761bc8e4',
        '2024-06-30 14:30:42.989135',
        '2024-06-30 14:30:43.300397',
        '00000000-0000-0000-0000-000000000000',
        '00000000-0000-0000-0000-000000000000',
        'USER'
    ),
    (
        '096ec45c-2800-4d9d-a0e9-ab3fdcdcdd5f',
        '2024-06-30 14:30:43.651569',
        '2024-06-30 14:30:43.978645',
        '00000000-0000-0000-0000-000000000000',
        '00000000-0000-0000-0000-000000000000',
        'USER'
    ),
    (
        '1bc221ba-64d1-4366-b163-c9c394ba4229',
        '2024-06-30 14:30:44.328165',
        '2024-06-30 14:30:44.718148',
        '00000000-0000-0000-0000-000000000000',
        '00000000-0000-0000-0000-000000000000',
        'USER'
    ),
    (
        '266a64ea-7baf-42ac-8229-8e7c858c8a2b',
        '2024-06-30 14:30:45.149585',
        '2024-06-30 14:30:45.523899',
        '00000000-0000-0000-0000-000000000000',
        '00000000-0000-0000-0000-000000000000',
        'USER'
    ),
    (
        'e7ecd941-db1d-4ab8-bfc1-9026ea409e72',
        '2024-06-30 14:30:45.86336',
        '2024-06-30 14:30:46.186223',
        '00000000-0000-0000-0000-000000000000',
        '00000000-0000-0000-0000-000000000000',
        'USER'
    ),
    (
        '2316505f-8188-4012-8462-5958ba7c9467',
        '2024-06-30 14:30:46.57689',
        '2024-06-30 14:30:46.912199',
        '00000000-0000-0000-0000-000000000000',
        '00000000-0000-0000-0000-000000000000',
        'USER'
    ),
    (
        'efb30d0e-284c-4d59-84f4-7bd0d88d4c7f',
        '2024-06-30 14:30:47.272157',
        '2024-06-30 14:30:47.628268',
        '00000000-0000-0000-0000-000000000000',
        '00000000-0000-0000-0000-000000000000',
        'USER'
    ),
    (
        'f007d476-a989-4093-9114-3f8b043f261d',
        '2024-06-30 14:30:48.302064',
        '2024-06-30 14:30:48.302064',
        'edb16423-678d-47ef-8d4f-44f88f35337d',
        'edb16423-678d-47ef-8d4f-44f88f35337d',
        'RelationRequest'
    ),
    (
        '333318a1-3eee-4ee3-9bbb-8366c35d1590',
        '2024-06-30 14:30:48.327437',
        '2024-06-30 14:30:48.327437',
        'edb16423-678d-47ef-8d4f-44f88f35337d',
        'edb16423-678d-47ef-8d4f-44f88f35337d',
        'Relation'
    ),
    (
        '8dd0854e-d01f-4a37-9dbf-8347f0f0c4cc',
        '2024-06-30 14:30:48.32755',
        '2024-06-30 14:30:48.32755',
        'edb16423-678d-47ef-8d4f-44f88f35337d',
        'edb16423-678d-47ef-8d4f-44f88f35337d',
        'Relation'
    ),
    (
        '4f54cb55-bcd5-472a-a1b1-41222ed4e9b9',
        '2024-06-30 14:30:48.347403',
        '2024-06-30 14:30:48.347403',
        'edb16423-678d-47ef-8d4f-44f88f35337d',
        'edb16423-678d-47ef-8d4f-44f88f35337d',
        'RelationRequest'
    ),
    (
        '459f15f0-a68d-418c-b550-c535d78067e4',
        '2024-06-30 14:30:48.362236',
        '2024-06-30 14:30:48.362236',
        'edb16423-678d-47ef-8d4f-44f88f35337d',
        'edb16423-678d-47ef-8d4f-44f88f35337d',
        'Relation'
    ),
    (
        '4cc7a130-4483-4f4b-94df-65b3bc9ee5cd',
        '2024-06-30 14:30:48.362343',
        '2024-06-30 14:30:48.362343',
        'edb16423-678d-47ef-8d4f-44f88f35337d',
        'edb16423-678d-47ef-8d4f-44f88f35337d',
        'Relation'
    ),
    (
        '1c3fcedd-df21-40cd-94ea-fde661c3729b',
        '2024-06-30 14:30:48.379776',
        '2024-06-30 14:30:48.379776',
        'edb16423-678d-47ef-8d4f-44f88f35337d',
        'edb16423-678d-47ef-8d4f-44f88f35337d',
        'RelationRequest'
    ),
    (
        'cbcdf2a4-7a94-4015-8099-e5ed8a5e21f0',
        '2024-06-30 14:30:48.39378',
        '2024-06-30 14:30:48.39378',
        'edb16423-678d-47ef-8d4f-44f88f35337d',
        'edb16423-678d-47ef-8d4f-44f88f35337d',
        'Relation'
    ),
    (
        '42cda7ab-f277-457f-b795-015d7469a6f9',
        '2024-06-30 14:30:48.393865',
        '2024-06-30 14:30:48.393865',
        'edb16423-678d-47ef-8d4f-44f88f35337d',
        'edb16423-678d-47ef-8d4f-44f88f35337d',
        'Relation'
    ),
    (
        '20797222-2d64-4367-ad01-5bbe6635e9cd',
        '2024-06-30 14:30:48.411476',
        '2024-06-30 14:30:48.411476',
        'edb16423-678d-47ef-8d4f-44f88f35337d',
        'edb16423-678d-47ef-8d4f-44f88f35337d',
        'RelationRequest'
    ),
    (
        '67d4c200-73b4-44f9-91bf-4c5f9b3c9c83',
        '2024-06-30 14:30:48.425169',
        '2024-06-30 14:30:48.425169',
        'edb16423-678d-47ef-8d4f-44f88f35337d',
        'edb16423-678d-47ef-8d4f-44f88f35337d',
        'Relation'
    ),
    (
        'eebd28c3-7383-4c5b-a5db-f472088cf283',
        '2024-06-30 14:30:48.425251',
        '2024-06-30 14:30:48.425251',
        'edb16423-678d-47ef-8d4f-44f88f35337d',
        'edb16423-678d-47ef-8d4f-44f88f35337d',
        'Relation'
    ),
    (
        'e9de18aa-b0c2-4617-8978-1f67ba08b7c5',
        '2024-06-30 14:30:48.441351',
        '2024-06-30 14:30:48.441351',
        'edb16423-678d-47ef-8d4f-44f88f35337d',
        'edb16423-678d-47ef-8d4f-44f88f35337d',
        'RelationRequest'
    ),
    (
        '04b34cd1-d8fe-418c-9e17-9d278c4ea3af',
        '2024-06-30 14:30:48.455522',
        '2024-06-30 14:30:48.455522',
        'edb16423-678d-47ef-8d4f-44f88f35337d',
        'edb16423-678d-47ef-8d4f-44f88f35337d',
        'Relation'
    ),
    (
        '547b6b6c-1749-4de0-bf26-d302cbb79a3f',
        '2024-06-30 14:30:48.45561',
        '2024-06-30 14:30:48.45561',
        'edb16423-678d-47ef-8d4f-44f88f35337d',
        'edb16423-678d-47ef-8d4f-44f88f35337d',
        'Relation'
    ),
    (
        'f993cc0c-a198-4180-b32d-d63e7becb8ad',
        '2024-06-30 14:30:48.472424',
        '2024-06-30 14:30:48.472424',
        'edb16423-678d-47ef-8d4f-44f88f35337d',
        'edb16423-678d-47ef-8d4f-44f88f35337d',
        'RelationRequest'
    ),
    (
        '24c45266-9147-487e-bcca-cd1a10499e1c',
        '2024-06-30 14:30:48.486701',
        '2024-06-30 14:30:48.486701',
        'edb16423-678d-47ef-8d4f-44f88f35337d',
        'edb16423-678d-47ef-8d4f-44f88f35337d',
        'Relation'
    ),
    (
        '982f04e9-fd41-49a2-8cf3-93a0b38fbd01',
        '2024-06-30 14:30:48.48678',
        '2024-06-30 14:30:48.48678',
        'edb16423-678d-47ef-8d4f-44f88f35337d',
        'edb16423-678d-47ef-8d4f-44f88f35337d',
        'Relation'
    ),
    (
        'f821aa1a-6d61-4ff0-96dc-d63ca0638618',
        '2024-06-30 14:30:48.508916',
        '2024-06-30 14:30:48.508916',
        'edb16423-678d-47ef-8d4f-44f88f35337d',
        'edb16423-678d-47ef-8d4f-44f88f35337d',
        'RelationRequest'
    ),
    (
        'f515f4af-743e-4c5b-acb0-71a6d97c77ba',
        '2024-06-30 14:30:48.52873',
        '2024-06-30 14:30:48.52873',
        'edb16423-678d-47ef-8d4f-44f88f35337d',
        'edb16423-678d-47ef-8d4f-44f88f35337d',
        'Relation'
    ),
    (
        'c7a61851-4f42-4b31-8d2a-6a016d93017a',
        '2024-06-30 14:30:48.528922',
        '2024-06-30 14:30:48.528922',
        'edb16423-678d-47ef-8d4f-44f88f35337d',
        'edb16423-678d-47ef-8d4f-44f88f35337d',
        'Relation'
    ),
    (
        '0709a635-2a00-4dbe-892e-ca723e14eb14',
        '2024-06-30 14:30:48.557973',
        '2024-06-30 14:30:48.557973',
        'edb16423-678d-47ef-8d4f-44f88f35337d',
        'edb16423-678d-47ef-8d4f-44f88f35337d',
        'RelationRequest'
    ),
    (
        '2de6cb3c-d12f-4d1e-86ec-314702dc1392',
        '2024-06-30 14:30:48.578964',
        '2024-06-30 14:30:48.578964',
        'edb16423-678d-47ef-8d4f-44f88f35337d',
        'edb16423-678d-47ef-8d4f-44f88f35337d',
        'Relation'
    ),
    (
        'dbd1efb3-a920-44e7-b922-68122ddd79f9',
        '2024-06-30 14:30:48.579078',
        '2024-06-30 14:30:48.579078',
        'edb16423-678d-47ef-8d4f-44f88f35337d',
        'edb16423-678d-47ef-8d4f-44f88f35337d',
        'Relation'
    ),
    (
        '41340526-b53d-44ff-957e-866002e4cb38',
        '2024-06-30 14:30:48.604683',
        '2024-06-30 14:30:48.604683',
        'edb16423-678d-47ef-8d4f-44f88f35337d',
        'edb16423-678d-47ef-8d4f-44f88f35337d',
        'RelationRequest'
    ),
    (
        'a33ad161-3d7f-4636-8d30-fbf1cdd6b911',
        '2024-06-30 14:30:48.620078',
        '2024-06-30 14:30:48.620078',
        'edb16423-678d-47ef-8d4f-44f88f35337d',
        'edb16423-678d-47ef-8d4f-44f88f35337d',
        'Relation'
    ),
    (
        'c9007d4e-0480-46ce-81e5-8b958e241ef8',
        '2024-06-30 14:30:48.620174',
        '2024-06-30 14:30:48.620174',
        'edb16423-678d-47ef-8d4f-44f88f35337d',
        'edb16423-678d-47ef-8d4f-44f88f35337d',
        'Relation'
    ),
    (
        'a08e5200-b2bd-498d-a083-ad03cd45a34c',
        '2024-06-30 14:30:48.958671',
        '2024-06-30 14:30:48.958671',
        'd4e88fa2-c8fc-4669-ab53-7de6410b0671',
        'd4e88fa2-c8fc-4669-ab53-7de6410b0671',
        'RelationRequest'
    ),
    (
        'c2e9b57c-14ea-4d45-a76d-31e3f7c5d555',
        '2024-06-30 14:30:48.973724',
        '2024-06-30 14:30:48.973724',
        'd4e88fa2-c8fc-4669-ab53-7de6410b0671',
        'd4e88fa2-c8fc-4669-ab53-7de6410b0671',
        'Relation'
    ),
    (
        '0ec4c576-d235-4900-89e3-addcbb81b7b6',
        '2024-06-30 14:30:48.973812',
        '2024-06-30 14:30:48.973812',
        'd4e88fa2-c8fc-4669-ab53-7de6410b0671',
        'd4e88fa2-c8fc-4669-ab53-7de6410b0671',
        'Relation'
    ),
    (
        '81c60624-1c14-4db0-a94f-23bd5e3cc719',
        '2024-06-30 14:30:48.994832',
        '2024-06-30 14:30:48.994832',
        'd4e88fa2-c8fc-4669-ab53-7de6410b0671',
        'd4e88fa2-c8fc-4669-ab53-7de6410b0671',
        'RelationRequest'
    ),
    (
        '639dda89-d9df-4682-a8c4-b59c08ebcb23',
        '2024-06-30 14:30:49.013262',
        '2024-06-30 14:30:49.013262',
        'd4e88fa2-c8fc-4669-ab53-7de6410b0671',
        'd4e88fa2-c8fc-4669-ab53-7de6410b0671',
        'Relation'
    ),
    (
        'b4b6078d-2b82-4062-ba77-21b4fde6fb71',
        '2024-06-30 14:30:49.013339',
        '2024-06-30 14:30:49.013339',
        'd4e88fa2-c8fc-4669-ab53-7de6410b0671',
        'd4e88fa2-c8fc-4669-ab53-7de6410b0671',
        'Relation'
    ),
    (
        '9df1fa6b-7c0e-4c63-b862-51003bf1201f',
        '2024-06-30 14:30:49.032352',
        '2024-06-30 14:30:49.032352',
        'd4e88fa2-c8fc-4669-ab53-7de6410b0671',
        'd4e88fa2-c8fc-4669-ab53-7de6410b0671',
        'RelationRequest'
    ),
    (
        'e7189c38-5c70-458d-bbe4-5920c28db5b6',
        '2024-06-30 14:30:49.056348',
        '2024-06-30 14:30:49.056348',
        'd4e88fa2-c8fc-4669-ab53-7de6410b0671',
        'd4e88fa2-c8fc-4669-ab53-7de6410b0671',
        'Relation'
    ),
    (
        '0480423e-a56f-45b4-b5fb-1ffec0e2c732',
        '2024-06-30 14:30:49.056439',
        '2024-06-30 14:30:49.056439',
        'd4e88fa2-c8fc-4669-ab53-7de6410b0671',
        'd4e88fa2-c8fc-4669-ab53-7de6410b0671',
        'Relation'
    ),
    (
        '660db78a-ca25-4908-95be-ca5fe8b01000',
        '2024-06-30 14:30:49.073125',
        '2024-06-30 14:30:49.073125',
        'd4e88fa2-c8fc-4669-ab53-7de6410b0671',
        'd4e88fa2-c8fc-4669-ab53-7de6410b0671',
        'RelationRequest'
    ),
    (
        '1231e0fa-bb9d-4dbd-99cb-dbde435404fe',
        '2024-06-30 14:30:49.097403',
        '2024-06-30 14:30:49.097403',
        'd4e88fa2-c8fc-4669-ab53-7de6410b0671',
        'd4e88fa2-c8fc-4669-ab53-7de6410b0671',
        'Relation'
    ),
    (
        '98d377dc-b347-4376-9675-32986406ff2b',
        '2024-06-30 14:30:49.123965',
        '2024-06-30 14:30:49.123965',
        'd4e88fa2-c8fc-4669-ab53-7de6410b0671',
        'd4e88fa2-c8fc-4669-ab53-7de6410b0671',
        'RelationRequest'
    ),
    (
        '5651fb70-5181-4782-a835-3e479dc823cf',
        '2024-06-30 14:30:49.149274',
        '2024-06-30 14:30:49.149274',
        'd4e88fa2-c8fc-4669-ab53-7de6410b0671',
        'd4e88fa2-c8fc-4669-ab53-7de6410b0671',
        'Relation'
    ),
    (
        '3a976273-5702-4109-8854-924a39049d0d',
        '2024-06-30 14:30:49.149368',
        '2024-06-30 14:30:49.149368',
        'd4e88fa2-c8fc-4669-ab53-7de6410b0671',
        'd4e88fa2-c8fc-4669-ab53-7de6410b0671',
        'Relation'
    ),
    (
        '3490755d-7b00-44aa-9577-85ef39057a0a',
        '2024-06-30 14:30:49.168972',
        '2024-06-30 14:30:49.168972',
        'd4e88fa2-c8fc-4669-ab53-7de6410b0671',
        'd4e88fa2-c8fc-4669-ab53-7de6410b0671',
        'RelationRequest'
    ),
    (
        '21c334d0-b92b-4fe7-8c24-83fa3ba3ce81',
        '2024-06-30 14:30:49.183067',
        '2024-06-30 14:30:49.183067',
        'd4e88fa2-c8fc-4669-ab53-7de6410b0671',
        'd4e88fa2-c8fc-4669-ab53-7de6410b0671',
        'Relation'
    ),
    (
        '1c412145-6dcd-4c29-b325-b5c96f1fde08',
        '2024-06-30 14:30:49.183152',
        '2024-06-30 14:30:49.183152',
        'd4e88fa2-c8fc-4669-ab53-7de6410b0671',
        'd4e88fa2-c8fc-4669-ab53-7de6410b0671',
        'Relation'
    ),
    (
        '892d039f-ae94-42aa-b258-b8a9b77f530c',
        '2024-06-30 14:30:49.208625',
        '2024-06-30 14:30:49.208625',
        'd4e88fa2-c8fc-4669-ab53-7de6410b0671',
        'd4e88fa2-c8fc-4669-ab53-7de6410b0671',
        'RelationRequest'
    ),
    (
        '2f3308b1-c9cd-4ea3-b521-adcd9fd5ed02',
        '2024-06-30 14:30:49.22693',
        '2024-06-30 14:30:49.22693',
        'd4e88fa2-c8fc-4669-ab53-7de6410b0671',
        'd4e88fa2-c8fc-4669-ab53-7de6410b0671',
        'Relation'
    ),
    (
        '3a4b57d7-d3fb-41c3-99e2-543f0088e745',
        '2024-06-30 14:30:49.227031',
        '2024-06-30 14:30:49.227031',
        'd4e88fa2-c8fc-4669-ab53-7de6410b0671',
        'd4e88fa2-c8fc-4669-ab53-7de6410b0671',
        'Relation'
    ),
    (
        '59aea15f-1ff9-40b4-a259-727051a8df26',
        '2024-06-30 14:30:49.249867',
        '2024-06-30 14:30:49.249867',
        'd4e88fa2-c8fc-4669-ab53-7de6410b0671',
        'd4e88fa2-c8fc-4669-ab53-7de6410b0671',
        'RelationRequest'
    ),
    (
        '9e08da2a-4884-43b3-a307-431030537c3e',
        '2024-06-30 14:30:49.269772',
        '2024-06-30 14:30:49.269772',
        'd4e88fa2-c8fc-4669-ab53-7de6410b0671',
        'd4e88fa2-c8fc-4669-ab53-7de6410b0671',
        'Relation'
    ),
    (
        'de7a2800-c619-4fe1-b972-4b63ac637ae8',
        '2024-06-30 14:30:49.269862',
        '2024-06-30 14:30:49.269862',
        'd4e88fa2-c8fc-4669-ab53-7de6410b0671',
        'd4e88fa2-c8fc-4669-ab53-7de6410b0671',
        'Relation'
    ),
    (
        '8e4a3614-d10d-4506-8f8d-8491efba5296',
        '2024-06-30 14:30:49.292607',
        '2024-06-30 14:30:49.292607',
        'd4e88fa2-c8fc-4669-ab53-7de6410b0671',
        'd4e88fa2-c8fc-4669-ab53-7de6410b0671',
        'RelationRequest'
    ),
    (
        '687b922c-f600-46e1-8951-0a7438c92c8f',
        '2024-06-30 14:30:49.333565',
        '2024-06-30 14:30:49.333565',
        'd4e88fa2-c8fc-4669-ab53-7de6410b0671',
        'd4e88fa2-c8fc-4669-ab53-7de6410b0671',
        'Relation'
    ),
    (
        '17be3ad5-4584-4ea9-a162-e42d8b0cdfc4',
        '2024-06-30 14:30:49.333653',
        '2024-06-30 14:30:49.333653',
        'd4e88fa2-c8fc-4669-ab53-7de6410b0671',
        'd4e88fa2-c8fc-4669-ab53-7de6410b0671',
        'Relation'
    );
INSERT INTO
    participants (id, avatar_url, slug)
VALUES
    (
        'edb16423-678d-47ef-8d4f-44f88f35337d',
        'https://i.pravatar.cc/150?u=384440328',
        'alice-testson'
    ),
    (
        'd4e88fa2-c8fc-4669-ab53-7de6410b0671',
        'https://i.pravatar.cc/150?u=-1934733379',
        'bob-testson'
    ),
    (
        '59600559-bb3c-45ee-9c2d-716c684edcc2',
        'https://i.pravatar.cc/150?u=1269475513',
        'carol-testson'
    ),
    (
        '93e04475-7120-4a7f-bf97-c057761bc8e4',
        'https://i.pravatar.cc/150?u=1368961972',
        'dave-testson'
    ),
    (
        '096ec45c-2800-4d9d-a0e9-ab3fdcdcdd5f',
        'https://i.pravatar.cc/150?u=-1831197348',
        'eve-testson'
    ),
    (
        '1bc221ba-64d1-4366-b163-c9c394ba4229',
        'https://i.pravatar.cc/150?u=-195541270',
        'mallory-testson'
    ),
    (
        '266a64ea-7baf-42ac-8229-8e7c858c8a2b',
        'https://i.pravatar.cc/150?u=-1548212299',
        'trent-testson'
    ),
    (
        'e7ecd941-db1d-4ab8-bfc1-9026ea409e72',
        'https://i.pravatar.cc/150?u=-386363144',
        'oscar-testson'
    ),
    (
        '2316505f-8188-4012-8462-5958ba7c9467',
        'https://i.pravatar.cc/150?u=467524876',
        'peggy-testson'
    ),
    (
        'efb30d0e-284c-4d59-84f4-7bd0d88d4c7f',
        'https://i.pravatar.cc/150?u=1540377231',
        'victor-testson'
    );
INSERT INTO
    users (
        id,
        email_validated,
        auth_id,
        email,
        first_name,
        last_name,
        password_hash,
        role
    )
VALUES
    (
        'edb16423-678d-47ef-8d4f-44f88f35337d',
        TRUE,
        NULL,
        'alice@cirkle.test',
        'Alice',
        'Testson',
        '$2a$12$eOgE8G.18cNBKr8FwBSFNuMYzwE9rolIlGlp/i2mzAbMGOyX/w1SC',
        'USER'
    ),
    (
        'd4e88fa2-c8fc-4669-ab53-7de6410b0671',
        TRUE,
        NULL,
        'bob@cirkle.test',
        'Bob',
        'Testson',
        '$2a$12$oEewDljL9rO1iQymO2LrWee7oQNgPUv5LNQUgG9BLH2gO26iIAefW',
        'USER'
    ),
    (
        '59600559-bb3c-45ee-9c2d-716c684edcc2',
        TRUE,
        NULL,
        'carol@cirkle.test',
        'Carol',
        'Testson',
        '$2a$12$E0lSEm.sSrJrQIJm4er9ausgV/mHgSdWYtB93SoxSirgv31mBWEDe',
        'USER'
    ),
    (
        '93e04475-7120-4a7f-bf97-c057761bc8e4',
        TRUE,
        NULL,
        'dave@cirkle.test',
        'Dave',
        'Testson',
        '$2a$12$9k7X7k/a95.2XVUzcJJ1YOSZVyVYP8CZjmPLmaV65fzAlqvi4J3Py',
        'USER'
    ),
    (
        '096ec45c-2800-4d9d-a0e9-ab3fdcdcdd5f',
        TRUE,
        NULL,
        'eve@cirkle.test',
        'Eve',
        'Testson',
        '$2a$12$v6LCNLE44V8riWYpw61G.OosILMu9ZafKxcgiOnMCX7phzUwKSpJe',
        'USER'
    ),
    (
        '1bc221ba-64d1-4366-b163-c9c394ba4229',
        TRUE,
        NULL,
        'mallory@cirkle.test',
        'Mallory',
        'Testson',
        '$2a$12$LOQb2tXUbCRHkyykQ26nNerIHCG3XlcgOGcle0CMP4hT9kSw2VVXa',
        'USER'
    ),
    (
        '266a64ea-7baf-42ac-8229-8e7c858c8a2b',
        TRUE,
        NULL,
        'trent@cirkle.test',
        'Trent',
        'Testson',
        '$2a$12$17JV..afbApqiDfK8CnU5uRuqp9cXdOv8L0u0XSCkKI4qtwMBgwLW',
        'USER'
    ),
    (
        'e7ecd941-db1d-4ab8-bfc1-9026ea409e72',
        TRUE,
        NULL,
        'oscar@cirkle.test',
        'Oscar',
        'Testson',
        '$2a$12$7diN.QXo1u0LLssHFisqw.H1I2TpXAwEB8FbVXnTaNNVhXFwDsx3m',
        'USER'
    ),
    (
        '2316505f-8188-4012-8462-5958ba7c9467',
        TRUE,
        NULL,
        'peggy@cirkle.test',
        'Peggy',
        'Testson',
        '$2a$12$zAgAfz0SdK2u6dEe404pceFAcnE1qBnEfpnZgmSGQAN2tM1gp3O3q',
        'USER'
    ),
    (
        'efb30d0e-284c-4d59-84f4-7bd0d88d4c7f',
        TRUE,
        NULL,
        'victor@cirkle.test',
        'Victor',
        'Testson',
        '$2a$12$sugOmfqG4jpesEkR.fKyA.j1R0LHf0DUp/qjWWJpR1O45MaDVjvba',
        'USER'
    );
INSERT INTO
    relations (id, owner_id, related_id, type)
VALUES
    (
        '333318a1-3eee-4ee3-9bbb-8366c35d1590',
        'edb16423-678d-47ef-8d4f-44f88f35337d',
        'efb30d0e-284c-4d59-84f4-7bd0d88d4c7f',
        'FOLLOWED'
    ),
    (
        '8dd0854e-d01f-4a37-9dbf-8347f0f0c4cc',
        'efb30d0e-284c-4d59-84f4-7bd0d88d4c7f',
        'edb16423-678d-47ef-8d4f-44f88f35337d',
        'FOLLOWER'
    ),
    (
        '459f15f0-a68d-418c-b550-c535d78067e4',
        'edb16423-678d-47ef-8d4f-44f88f35337d',
        '2316505f-8188-4012-8462-5958ba7c9467',
        'FOLLOWED'
    ),
    (
        '4cc7a130-4483-4f4b-94df-65b3bc9ee5cd',
        '2316505f-8188-4012-8462-5958ba7c9467',
        'edb16423-678d-47ef-8d4f-44f88f35337d',
        'FOLLOWER'
    ),
    (
        'cbcdf2a4-7a94-4015-8099-e5ed8a5e21f0',
        'edb16423-678d-47ef-8d4f-44f88f35337d',
        'd4e88fa2-c8fc-4669-ab53-7de6410b0671',
        'FOLLOWED'
    ),
    (
        '42cda7ab-f277-457f-b795-015d7469a6f9',
        'd4e88fa2-c8fc-4669-ab53-7de6410b0671',
        'edb16423-678d-47ef-8d4f-44f88f35337d',
        'FOLLOWER'
    ),
    (
        '67d4c200-73b4-44f9-91bf-4c5f9b3c9c83',
        'edb16423-678d-47ef-8d4f-44f88f35337d',
        '096ec45c-2800-4d9d-a0e9-ab3fdcdcdd5f',
        'FOLLOWED'
    ),
    (
        'eebd28c3-7383-4c5b-a5db-f472088cf283',
        '096ec45c-2800-4d9d-a0e9-ab3fdcdcdd5f',
        'edb16423-678d-47ef-8d4f-44f88f35337d',
        'FOLLOWER'
    ),
    (
        '04b34cd1-d8fe-418c-9e17-9d278c4ea3af',
        'edb16423-678d-47ef-8d4f-44f88f35337d',
        '1bc221ba-64d1-4366-b163-c9c394ba4229',
        'FOLLOWED'
    ),
    (
        '547b6b6c-1749-4de0-bf26-d302cbb79a3f',
        '1bc221ba-64d1-4366-b163-c9c394ba4229',
        'edb16423-678d-47ef-8d4f-44f88f35337d',
        'FOLLOWER'
    ),
    (
        '24c45266-9147-487e-bcca-cd1a10499e1c',
        'edb16423-678d-47ef-8d4f-44f88f35337d',
        '266a64ea-7baf-42ac-8229-8e7c858c8a2b',
        'FOLLOWED'
    ),
    (
        '982f04e9-fd41-49a2-8cf3-93a0b38fbd01',
        '266a64ea-7baf-42ac-8229-8e7c858c8a2b',
        'edb16423-678d-47ef-8d4f-44f88f35337d',
        'FOLLOWER'
    ),
    (
        'f515f4af-743e-4c5b-acb0-71a6d97c77ba',
        'edb16423-678d-47ef-8d4f-44f88f35337d',
        '59600559-bb3c-45ee-9c2d-716c684edcc2',
        'FOLLOWED'
    ),
    (
        'c7a61851-4f42-4b31-8d2a-6a016d93017a',
        '59600559-bb3c-45ee-9c2d-716c684edcc2',
        'edb16423-678d-47ef-8d4f-44f88f35337d',
        'FOLLOWER'
    ),
    (
        '2de6cb3c-d12f-4d1e-86ec-314702dc1392',
        'edb16423-678d-47ef-8d4f-44f88f35337d',
        '93e04475-7120-4a7f-bf97-c057761bc8e4',
        'FOLLOWED'
    ),
    (
        'dbd1efb3-a920-44e7-b922-68122ddd79f9',
        '93e04475-7120-4a7f-bf97-c057761bc8e4',
        'edb16423-678d-47ef-8d4f-44f88f35337d',
        'FOLLOWER'
    ),
    (
        'a33ad161-3d7f-4636-8d30-fbf1cdd6b911',
        'edb16423-678d-47ef-8d4f-44f88f35337d',
        'e7ecd941-db1d-4ab8-bfc1-9026ea409e72',
        'FOLLOWED'
    ),
    (
        'c9007d4e-0480-46ce-81e5-8b958e241ef8',
        'e7ecd941-db1d-4ab8-bfc1-9026ea409e72',
        'edb16423-678d-47ef-8d4f-44f88f35337d',
        'FOLLOWER'
    ),
    (
        'c2e9b57c-14ea-4d45-a76d-31e3f7c5d555',
        'd4e88fa2-c8fc-4669-ab53-7de6410b0671',
        'efb30d0e-284c-4d59-84f4-7bd0d88d4c7f',
        'FOLLOWED'
    ),
    (
        '0ec4c576-d235-4900-89e3-addcbb81b7b6',
        'efb30d0e-284c-4d59-84f4-7bd0d88d4c7f',
        'd4e88fa2-c8fc-4669-ab53-7de6410b0671',
        'FOLLOWER'
    ),
    (
        '639dda89-d9df-4682-a8c4-b59c08ebcb23',
        'd4e88fa2-c8fc-4669-ab53-7de6410b0671',
        '2316505f-8188-4012-8462-5958ba7c9467',
        'FOLLOWED'
    ),
    (
        'b4b6078d-2b82-4062-ba77-21b4fde6fb71',
        '2316505f-8188-4012-8462-5958ba7c9467',
        'd4e88fa2-c8fc-4669-ab53-7de6410b0671',
        'FOLLOWER'
    ),
    (
        'e7189c38-5c70-458d-bbe4-5920c28db5b6',
        'd4e88fa2-c8fc-4669-ab53-7de6410b0671',
        '096ec45c-2800-4d9d-a0e9-ab3fdcdcdd5f',
        'FOLLOWED'
    ),
    (
        '0480423e-a56f-45b4-b5fb-1ffec0e2c732',
        '096ec45c-2800-4d9d-a0e9-ab3fdcdcdd5f',
        'd4e88fa2-c8fc-4669-ab53-7de6410b0671',
        'FOLLOWER'
    ),
    (
        '1231e0fa-bb9d-4dbd-99cb-dbde435404fe',
        'd4e88fa2-c8fc-4669-ab53-7de6410b0671',
        'edb16423-678d-47ef-8d4f-44f88f35337d',
        'FOLLOWED'
    ),
    (
        '01da64da-908d-41f0-9b93-25114739cfa0',
        'edb16423-678d-47ef-8d4f-44f88f35337d',
        'd4e88fa2-c8fc-4669-ab53-7de6410b0671',
        'FOLLOWER'
    ),
    (
        '5651fb70-5181-4782-a835-3e479dc823cf',
        'd4e88fa2-c8fc-4669-ab53-7de6410b0671',
        '1bc221ba-64d1-4366-b163-c9c394ba4229',
        'FOLLOWED'
    ),
    (
        '3a976273-5702-4109-8854-924a39049d0d',
        '1bc221ba-64d1-4366-b163-c9c394ba4229',
        'd4e88fa2-c8fc-4669-ab53-7de6410b0671',
        'FOLLOWER'
    ),
    (
        '21c334d0-b92b-4fe7-8c24-83fa3ba3ce81',
        'd4e88fa2-c8fc-4669-ab53-7de6410b0671',
        '266a64ea-7baf-42ac-8229-8e7c858c8a2b',
        'FOLLOWED'
    ),
    (
        '1c412145-6dcd-4c29-b325-b5c96f1fde08',
        '266a64ea-7baf-42ac-8229-8e7c858c8a2b',
        'd4e88fa2-c8fc-4669-ab53-7de6410b0671',
        'FOLLOWER'
    ),
    (
        '2f3308b1-c9cd-4ea3-b521-adcd9fd5ed02',
        'd4e88fa2-c8fc-4669-ab53-7de6410b0671',
        '59600559-bb3c-45ee-9c2d-716c684edcc2',
        'FOLLOWED'
    ),
    (
        '3a4b57d7-d3fb-41c3-99e2-543f0088e745',
        '59600559-bb3c-45ee-9c2d-716c684edcc2',
        'd4e88fa2-c8fc-4669-ab53-7de6410b0671',
        'FOLLOWER'
    ),
    (
        '9e08da2a-4884-43b3-a307-431030537c3e',
        'd4e88fa2-c8fc-4669-ab53-7de6410b0671',
        '93e04475-7120-4a7f-bf97-c057761bc8e4',
        'FOLLOWED'
    ),
    (
        'de7a2800-c619-4fe1-b972-4b63ac637ae8',
        '93e04475-7120-4a7f-bf97-c057761bc8e4',
        'd4e88fa2-c8fc-4669-ab53-7de6410b0671',
        'FOLLOWER'
    ),
    (
        '687b922c-f600-46e1-8951-0a7438c92c8f',
        'd4e88fa2-c8fc-4669-ab53-7de6410b0671',
        'e7ecd941-db1d-4ab8-bfc1-9026ea409e72',
        'FOLLOWED'
    ),
    (
        '17be3ad5-4584-4ea9-a162-e42d8b0cdfc4',
        'e7ecd941-db1d-4ab8-bfc1-9026ea409e72',
        'd4e88fa2-c8fc-4669-ab53-7de6410b0671',
        'FOLLOWER'
    );
INSERT INTO
    relation_requests (id, initiator_id, target_id, type)
VALUES
    (
        'f007d476-a989-4093-9114-3f8b043f261d',
        'edb16423-678d-47ef-8d4f-44f88f35337d',
        'efb30d0e-284c-4d59-84f4-7bd0d88d4c7f',
        'FRIEND'
    ),
    (
        '4f54cb55-bcd5-472a-a1b1-41222ed4e9b9',
        'edb16423-678d-47ef-8d4f-44f88f35337d',
        '2316505f-8188-4012-8462-5958ba7c9467',
        'FRIEND'
    ),
    (
        '1c3fcedd-df21-40cd-94ea-fde661c3729b',
        'edb16423-678d-47ef-8d4f-44f88f35337d',
        'd4e88fa2-c8fc-4669-ab53-7de6410b0671',
        'FRIEND'
    ),
    (
        '20797222-2d64-4367-ad01-5bbe6635e9cd',
        'edb16423-678d-47ef-8d4f-44f88f35337d',
        '096ec45c-2800-4d9d-a0e9-ab3fdcdcdd5f',
        'FRIEND'
    ),
    (
        'e9de18aa-b0c2-4617-8978-1f67ba08b7c5',
        'edb16423-678d-47ef-8d4f-44f88f35337d',
        '1bc221ba-64d1-4366-b163-c9c394ba4229',
        'FRIEND'
    ),
    (
        'f993cc0c-a198-4180-b32d-d63e7becb8ad',
        'edb16423-678d-47ef-8d4f-44f88f35337d',
        '266a64ea-7baf-42ac-8229-8e7c858c8a2b',
        'FRIEND'
    ),
    (
        'f821aa1a-6d61-4ff0-96dc-d63ca0638618',
        'edb16423-678d-47ef-8d4f-44f88f35337d',
        '59600559-bb3c-45ee-9c2d-716c684edcc2',
        'FRIEND'
    ),
    (
        '0709a635-2a00-4dbe-892e-ca723e14eb14',
        'edb16423-678d-47ef-8d4f-44f88f35337d',
        '93e04475-7120-4a7f-bf97-c057761bc8e4',
        'FRIEND'
    ),
    (
        '41340526-b53d-44ff-957e-866002e4cb38',
        'edb16423-678d-47ef-8d4f-44f88f35337d',
        'e7ecd941-db1d-4ab8-bfc1-9026ea409e72',
        'FRIEND'
    ),
    (
        'a08e5200-b2bd-498d-a083-ad03cd45a34c',
        'd4e88fa2-c8fc-4669-ab53-7de6410b0671',
        'efb30d0e-284c-4d59-84f4-7bd0d88d4c7f',
        'FRIEND'
    ),
    (
        '81c60624-1c14-4db0-a94f-23bd5e3cc719',
        'd4e88fa2-c8fc-4669-ab53-7de6410b0671',
        '2316505f-8188-4012-8462-5958ba7c9467',
        'FRIEND'
    ),
    (
        '9df1fa6b-7c0e-4c63-b862-51003bf1201f',
        'd4e88fa2-c8fc-4669-ab53-7de6410b0671',
        '096ec45c-2800-4d9d-a0e9-ab3fdcdcdd5f',
        'FRIEND'
    ),
    (
        '660db78a-ca25-4908-95be-ca5fe8b01000',
        'd4e88fa2-c8fc-4669-ab53-7de6410b0671',
        'edb16423-678d-47ef-8d4f-44f88f35337d',
        'FRIEND'
    ),
    (
        '98d377dc-b347-4376-9675-32986406ff2b',
        'd4e88fa2-c8fc-4669-ab53-7de6410b0671',
        '1bc221ba-64d1-4366-b163-c9c394ba4229',
        'FRIEND'
    ),
    (
        '3490755d-7b00-44aa-9577-85ef39057a0a',
        'd4e88fa2-c8fc-4669-ab53-7de6410b0671',
        '266a64ea-7baf-42ac-8229-8e7c858c8a2b',
        'FRIEND'
    ),
    (
        '892d039f-ae94-42aa-b258-b8a9b77f530c',
        'd4e88fa2-c8fc-4669-ab53-7de6410b0671',
        '59600559-bb3c-45ee-9c2d-716c684edcc2',
        'FRIEND'
    ),
    (
        '59aea15f-1ff9-40b4-a259-727051a8df26',
        'd4e88fa2-c8fc-4669-ab53-7de6410b0671',
        '93e04475-7120-4a7f-bf97-c057761bc8e4',
        'FRIEND'
    ),
    (
        '8e4a3614-d10d-4506-8f8d-8491efba5296',
        'd4e88fa2-c8fc-4669-ab53-7de6410b0671',
        'e7ecd941-db1d-4ab8-bfc1-9026ea409e72',
        'FRIEND'
    );